t_s,status,grams
0.202,D,54.9844
0.202,D,54.9844
0.202,D,54.9844
0.202,D,54.9844
0.405,D,54.9844
0.405,D,54.9844
0.405,D,54.9844
0.405,D,54.9844
0.405,D,54.9844
0.621,D,54.9845
0.621,D,54.9845
0.621,D,54.9845
0.621,D,54.9845
0.621,D,54.9845
0.826,D,54.9845
0.826,D,54.9845
0.826,D,54.9845
0.826,D,54.9845
0.826,D,54.9845
1.034,D,54.9845
1.034,D,54.9845
1.034,D,54.9845
1.034,D,54.9845
1.034,D,54.9845
1.241,D,54.9845
1.241,D,54.9845
1.241,D,54.9845
1.241,D,54.9845
1.448,D,54.9845
1.448,D,54.9845
1.448,D,54.9844
1.448,D,54.9844
1.448,D,54.9844
1.657,D,54.9844
1.658,D,54.9844
1.658,D,54.9844
1.658,D,54.9844
1.658,D,54.9843
1.865,D,54.9843
1.865,D,54.9843
1.865,D,54.9843
1.865,D,54.9843
1.865,D,54.9842
2.074,D,54.9842
2.074,D,54.9842
2.074,D,54.9837
2.074,D,54.9836
2.283,D,54.9836
2.283,D,54.9836
2.283,D,54.9836
2.283,D,54.9835
2.283,D,54.9835
2.491,D,54.9835
2.491,D,54.9835
2.491,D,54.9835
2.491,D,54.9836
2.491,D,54.9838
2.694,D,55.0112
2.694,D,55.0281
2.694,D,55.0289
2.694,D,55.0292
2.694,D,55.0291
2.899,D,55.0287
2.899,D,55.0285
2.899,D,55.0282
2.899,D,55.0279
3.103,D,55.0277
3.103,D,55.0275
3.104,D,55.0272
3.104,D,55.0270
3.104,D,55.0268
3.306,D,55.0267
3.306,D,55.0266
3.306,D,55.0265
3.306,D,55.0264
3.306,D,55.0264
3.510,D,55.0263
3.510,D,55.0261
3.510,D,55.0261
3.510,D,55.0261
3.712,D,55.0261
3.712,D,55.0261
3.712,D,55.0261
3.713,D,55.0261
3.713,D,55.0261
3.915,D,55.0261
3.915,D,55.0260
3.915,D,55.0260
3.915,D,55.0260
3.915,D,55.0260
4.118,D,55.0260
4.118,D,55.0260
4.118,D,55.0260
4.119,D,55.0260
4.323,D,55.0260
4.323,D,55.0260
4.323,D,55.0260
4.323,D,55.0260
4.323,D,55.0260
4.525,D,55.0260
4.525,D,55.0260
4.525,D,55.0260
4.525,D,55.0260
4.525,D,55.0260
4.728,D,55.0260
4.728,D,55.0260
4.728,D,55.0260
4.728,D,55.0260
4.934,D,55.0260
4.934,D,55.0260
4.934,D,55.0260
4.934,D,55.0260
4.934,D,55.0260
5.134,D,55.0260
5.135,D,55.0260
5.135,D,55.0260
5.135,D,55.0260
5.135,D,55.0260
5.338,D,55.0260
5.338,D,55.0260
5.338,D,55.0260
5.339,D,55.0260
5.540,D,55.0260
5.540,D,55.0260
5.540,D,55.0260
5.540,D,55.0260
5.540,D,55.0259
5.742,D,55.0259
5.742,D,55.0259
5.742,D,55.0259
5.742,D,55.0259
5.742,D,55.0259
5.946,D,55.0259
5.946,D,55.0259
5.946,D,55.0259
5.946,D,55.0259
6.150,D,55.0259
6.150,D,55.0260
6.150,D,55.0589
6.150,D,55.0705
6.150,D,55.0714
6.353,D,55.0718
6.353,D,55.0717
6.353,D,55.0713
6.353,D,55.0709
6.353,D,55.0707
6.557,D,55.0704
6.557,D,55.0702
6.557,D,55.0700
6.557,D,55.0698
6.760,D,55.0696
6.760,D,55.0694
6.760,D,55.0693
6.760,D,55.0692
6.760,D,55.0691
6.962,D,55.0690
6.962,D,55.0690
6.962,D,55.0689
6.962,D,55.0687
7.164,D,55.0687
7.164,D,55.0687
7.164,D,55.0687
7.164,D,55.0687
7.164,D,55.0686
7.368,D,55.0686
7.368,D,55.0686
7.368,D,55.0686
7.368,D,55.0686
7.368,D,55.0686
7.571,D,55.0686
7.571,D,55.0686
7.571,D,55.0686
7.571,D,55.0686
7.571,D,55.0686
7.774,D,55.0686
7.774,D,55.0687
7.774,D,55.0687
7.774,D,55.0687
7.977,D,55.0687
7.977,D,55.0687
7.977,D,55.0687
7.977,D,55.0687
7.977,D,55.0687
8.179,D,55.0687
8.179,D,55.0687
8.179,D,55.0687
8.179,D,55.0687
8.383,D,55.0687
8.383,D,55.0687
8.383,D,55.0687
8.383,D,55.0687
8.383,D,55.0687
8.587,D,55.0687
8.587,D,55.0687
8.587,D,55.0687
8.587,D,55.0687
8.796,D,55.0687
8.796,D,55.0687
8.796,D,55.0687
8.796,D,55.0687
8.796,D,55.0687
9.006,D,55.0687
9.006,D,55.0687
9.006,D,55.0687
9.006,D,55.0687
9.006,D,55.0687
9.216,D,55.0687
9.216,D,55.0687
9.216,D,55.0687
9.216,D,55.0687
9.216,D,55.0687
9.425,D,55.0687
9.425,D,55.0687
9.425,D,55.0687
9.425,D,55.0687
9.425,D,55.0688
9.633,D,55.0688
9.633,D,55.0688
9.633,D,55.0688
9.633,D,55.0819
9.841,D,55.1134
9.841,D,55.1143
9.841,D,55.1148
9.841,D,55.1148
9.841,D,55.1145
10.048,D,55.1140
10.048,D,55.1136
10.048,D,55.1133
10.048,D,55.1130
10.048,D,55.1128
10.256,D,55.1125
10.256,D,55.1123
10.256,D,55.1121
10.256,D,55.1120
10.256,D,55.1119
10.462,D,55.1118
10.463,D,55.1117
10.463,D,55.1116
10.463,D,55.1115
10.463,D,55.1114
10.667,D,55.1112
10.667,D,55.1112
10.667,D,55.1112
10.667,D,55.1112
10.869,D,55.1111
10.869,D,55.1111
10.869,D,55.1111
10.869,D,55.1111
10.869,D,55.1111
11.072,D,55.1111
11.072,D,55.1111
11.072,D,55.1111
11.072,D,55.1111
11.072,D,55.1111
11.275,D,55.1111
11.275,D,55.1111
11.275,D,55.1111
11.275,D,55.1111
11.477,D,55.1111
11.478,D,55.1111
11.478,D,55.1111
11.478,D,55.1111
11.478,D,55.1111
11.682,D,55.1111
11.682,D,55.1111
11.682,D,55.1111
11.682,D,55.1111
11.883,D,55.1111
11.883,D,55.1111
11.883,D,55.1111
11.883,D,55.1111
11.883,D,55.1111
12.086,D,55.1111
12.086,D,55.1111
12.086,D,55.1111
12.086,D,55.1111
12.086,D,55.1111
12.289,D,55.1111
12.289,D,55.1111
12.289,D,55.1111
12.289,D,55.1111
12.491,D,55.1111
12.492,D,55.1111
12.492,D,55.1111
12.492,D,55.1111
12.492,D,55.1111
12.695,D,55.1111
12.696,D,55.1111
12.696,D,55.1111
12.696,D,55.1111
12.696,D,55.1110
12.898,D,55.1110
12.898,D,55.1110
12.898,D,55.1110
12.898,D,55.1110
13.101,D,55.1110
13.101,D,55.1110
13.101,D,55.1110
13.101,D,55.1110
13.101,D,55.1110
13.304,D,55.1110
13.304,D,55.1491
13.304,D,55.1553
13.304,D,55.1563
13.506,D,55.1566
13.507,D,55.1565
13.507,D,55.1561
13.507,D,55.1557
13.507,D,55.1554
13.710,D,55.1551
13.710,D,55.1549
13.710,D,55.1546
13.711,D,55.1543
13.711,D,55.1541
13.914,D,55.1540
13.915,D,55.1538
13.915,D,55.1537
13.915,D,55.1536
13.915,D,55.1535
14.118,D,55.1535
14.118,D,55.1534
14.118,D,55.1531
14.118,D,55.1531
14.322,D,55.1530
14.322,D,55.1530
14.322,D,55.1530
14.322,D,55.1530
14.322,D,55.1530
14.526,D,55.1530
14.526,D,55.1530
14.526,D,55.1530
14.526,D,55.1530
14.526,D,55.1530
14.730,D,55.1530
14.730,D,55.1530
14.730,D,55.1530
14.730,D,55.1530
14.932,D,55.1530
14.932,D,55.1530
14.932,D,55.1530
14.932,D,55.1530
14.932,D,55.1530
15.134,D,55.1530
15.135,D,55.1530
15.135,D,55.1530
15.135,D,55.1530
15.338,D,55.1530
15.338,D,55.1531
15.338,D,55.1531
15.338,D,55.1531
15.338,D,55.1531
15.541,D,55.1531
15.541,D,55.1531
15.541,D,55.1531
15.541,D,55.1531
15.541,D,55.1531
15.744,D,55.1531
15.744,D,55.1531
15.744,D,55.1531
15.744,D,55.1531
15.744,D,55.1531
15.946,D,55.1531
15.946,D,55.1531
15.946,D,55.1531
15.946,D,55.1531
16.149,D,55.1531
16.149,D,55.1531
16.149,D,55.1531
16.149,D,55.1531
16.149,D,55.1531
16.353,D,55.1531
16.353,D,55.1531
16.353,D,55.1531
16.353,D,55.1531
16.555,D,55.1531
16.555,D,55.1531
16.555,D,55.1531
16.555,D,55.1531
16.555,D,55.1531
16.758,D,55.1531
16.759,D,55.1531
16.759,D,55.1531
16.759,D,55.1774
16.759,D,55.1976
16.961,D,55.1986
16.961,D,55.1989
16.961,D,55.1987
16.961,D,55.1983
17.164,D,55.1979
17.164,D,55.1976
17.164,D,55.1974
17.164,D,55.1971
17.164,D,55.1969
17.368,D,55.1967
17.368,D,55.1965
17.368,D,55.1963
17.368,D,55.1962
17.368,D,55.1962
17.571,D,55.1961
17.571,D,55.1960
17.571,D,55.1960
17.571,D,55.1959
17.773,D,55.1956
17.774,D,55.1956
17.774,D,55.1955
17.774,D,55.1955
17.774,D,55.1955
17.977,D,55.1955
17.977,D,55.1955
17.977,D,55.1955
17.977,D,55.1955
17.977,D,55.1955
18.193,D,55.1954
18.193,D,55.1954
18.193,D,55.1954
18.193,D,55.1954
18.396,D,55.1955
18.396,D,55.1955
18.396,D,55.1955
18.396,D,55.1955
18.396,D,55.1955
18.600,D,55.1955
18.600,D,55.1955
18.600,D,55.1955
18.600,D,55.1954
18.600,D,55.1954
18.802,D,55.1954
18.802,D,55.1954
18.803,D,55.1954
18.803,D,55.1955
19.007,D,55.1955
19.007,D,55.1955
19.007,D,55.1955
19.007,D,55.1955
19.007,D,55.1955
19.208,D,55.1955
19.208,D,55.1955
19.208,D,55.1955
19.208,D,55.1955
19.208,D,55.1955
19.409,D,55.1955
19.409,D,55.1955
19.409,D,55.1955
19.409,D,55.1955
19.612,D,55.1955
19.612,D,55.1955
19.612,D,55.1955
19.612,D,55.1955
19.612,D,55.1955
19.817,D,55.1955
19.817,D,55.1955
19.817,D,55.1955
19.817,D,55.1955
20.020,D,55.1955
20.020,D,55.1955
20.020,D,55.1955
20.020,D,55.1955
20.020,D,55.1955
20.222,D,55.1955
20.222,D,55.1955
20.222,D,55.1955
20.222,S,55.1955
20.222,S,55.1955
20.424,D,55.2031
20.424,D,55.2398
20.424,D,55.2408
20.424,D,55.2411
20.637,D,55.2412
20.637,D,55.2410
20.637,D,55.2406
20.637,D,55.2404
20.637,D,55.2401
20.845,D,55.2398
20.845,D,55.2396
20.845,D,55.2394
20.845,D,55.2392
20.845,D,55.2390
21.054,D,55.2388
21.054,D,55.2387
21.054,D,55.2386
21.054,D,55.2385
21.054,D,55.2384
21.263,D,55.2384
21.263,D,55.2383
21.263,D,55.2381
21.263,D,55.2380
21.263,D,55.2380
21.471,D,55.2380
21.471,D,55.2380
21.471,D,55.2380
21.471,D,55.2379
21.471,D,55.2379
21.677,D,55.2379
21.677,D,55.2379
21.677,D,55.2379
21.677,D,55.2379
21.886,D,55.2379
21.886,D,55.2378
21.886,D,55.2378
21.886,D,55.2378
21.886,D,55.2378
22.095,D,55.2378
22.095,D,55.2378
22.095,D,55.2378
22.095,D,55.2378
22.095,D,55.2378
22.303,D,55.2378
22.303,D,55.2378
22.303,D,55.2378
22.303,D,55.2378
22.303,D,55.2378
22.512,D,55.2378
22.513,D,55.2377
22.513,D,55.2377
22.513,D,55.2377
22.716,D,55.2377
22.716,D,55.2377
22.716,D,55.2377
22.716,D,55.2377
22.716,D,55.2377
22.918,D,55.2377
22.919,D,55.2377
22.919,D,55.2377
22.919,D,55.2377
22.919,D,55.2377
23.122,D,55.2377
23.122,D,55.2377
23.122,D,55.2377
23.122,D,55.2376
23.323,D,55.2376
23.323,D,55.2376
23.323,D,55.2376
23.323,D,55.2376
23.323,D,55.2376
23.528,D,55.2376
23.528,D,55.2376
23.528,D,55.2376
23.528,D,55.2376
23.731,D,55.2376
23.731,D,55.2375
23.731,D,55.2375
23.731,D,55.2375
23.731,D,55.2375
23.934,D,55.2375
23.934,D,55.2375
23.934,D,55.2788
23.934,D,55.2822
23.934,D,55.2825
24.136,D,55.2827
24.137,D,55.2827
24.137,D,55.2825
24.137,D,55.2822
24.137,D,55.2819
24.341,D,55.2817
24.341,D,55.2815
24.341,D,55.2812
24.341,D,55.2810
24.556,D,55.2809
24.556,D,55.2807
24.556,D,55.2806
24.556,D,55.2805
24.556,D,55.2804
24.764,D,55.2804
24.764,D,55.2803
24.764,D,55.2802
24.764,D,55.2801
24.764,D,55.2800
24.973,D,55.2800
24.973,D,55.2800
24.973,D,55.2800
24.973,D,55.2799
24.973,D,55.2799
25.181,D,55.2799
25.181,D,55.2799
25.181,D,55.2799
25.181,D,55.2799
25.390,D,55.2799
25.390,D,55.2799
25.390,D,55.2798
25.390,D,55.2797
25.390,D,55.2797
25.598,D,55.2797
25.598,D,55.2797
25.598,D,55.2797
25.598,D,55.2797
25.598,D,55.2797
25.806,D,55.2796
25.806,D,55.2796
25.806,D,55.2796
25.807,D,55.2796
25.807,D,55.2796
26.014,D,55.2796
26.014,D,55.2796
26.014,D,55.2796
26.014,D,55.2796
26.014,D,55.2796
26.223,D,55.2796
26.223,D,55.2796
26.223,D,55.2796
26.223,D,55.2796
26.431,D,55.2796
26.431,D,55.2796
26.431,D,55.2796
26.431,D,55.2796
26.431,D,55.2796
26.636,D,55.2796
26.636,D,55.2796
26.636,D,55.2796
26.636,D,55.2796
26.636,D,55.2796
26.836,D,55.2796
26.836,D,55.2796
26.837,D,55.2796
26.837,D,55.2796
27.042,D,55.2796
27.042,D,55.2796
27.042,D,55.2796
27.042,D,55.2796
27.042,D,55.2796
27.244,D,55.2796
27.244,D,55.2796
27.244,D,55.2796
27.244,D,55.2796
27.244,D,55.2796
27.446,D,55.2796
27.446,D,55.2796
27.446,D,55.3013
27.447,D,55.3239
27.652,D,55.3252
27.652,D,55.3255
27.652,D,55.3253
27.652,D,55.3250
27.652,D,55.3247
27.856,D,55.3245
27.857,D,55.3242
27.857,D,55.3240
27.857,D,55.3238
27.857,D,55.3236
28.059,D,55.3234
28.059,D,55.3232
28.059,D,55.3231
28.059,D,55.3230
28.059,D,55.3228
28.260,D,55.3228
28.260,D,55.3227
28.260,D,55.3226
28.260,D,55.3224
28.465,D,55.3224
28.465,D,55.3224
28.465,D,55.3223
28.465,D,55.3223
28.465,D,55.3223
28.668,D,55.3222
28.668,D,55.3221
28.668,D,55.3221
28.668,D,55.3221
28.877,D,55.3220
28.877,D,55.3220
28.877,D,55.3220
28.877,D,55.3220
28.877,D,55.3220
29.084,D,55.3220
29.084,D,55.3220
29.084,D,55.3220
29.084,D,55.3220
29.084,D,55.3220
29.292,D,55.3220
29.292,D,55.3220
29.292,D,55.3220
29.292,D,55.3220
29.501,D,55.3220
29.502,D,55.3220
29.502,D,55.3220
29.502,D,55.3220
29.502,D,55.3220
29.709,D,55.3219
29.709,D,55.3219
29.709,D,55.3219
29.709,D,55.3219
29.709,D,55.3219
29.919,D,55.3219
29.919,D,55.3219
29.919,D,55.3219
29.919,D,55.3219
29.919,D,55.3218
30.128,D,55.3218
30.128,D,55.3218
30.128,D,55.3218
30.128,D,55.3218
30.128,D,55.3218
30.336,D,55.3218
30.336,D,55.3218
30.336,D,55.3218
30.336,D,55.3217
30.546,D,55.3217
30.546,D,55.3217
30.546,D,55.3217
30.546,D,55.3217
30.546,D,55.3217
30.747,D,55.3217
30.748,D,55.3217
30.748,D,55.3217
30.748,D,55.3217
30.748,D,55.3217
30.951,D,55.3216
30.951,D,55.3216
30.951,D,55.3216
30.951,D,55.3267
30.951,D,55.3661
31.155,D,55.3672
31.155,D,55.3671
31.155,D,55.3673
31.155,D,55.3671
31.357,D,55.3668
31.357,D,55.3665
31.357,D,55.3662
31.357,D,55.3659
31.357,D,55.3657
31.561,D,55.3655
31.561,D,55.3652
31.561,D,55.3651
31.561,D,55.3649
31.764,D,55.3648
31.764,D,55.3647
31.764,D,55.3646
31.764,D,55.3646
31.764,D,55.3645
31.966,D,55.3645
31.966,D,55.3643
31.966,D,55.3642
31.966,D,55.3642
31.966,D,55.3641
32.168,D,55.3641
32.168,D,55.3641
32.168,D,55.3641
32.168,D,55.3641
32.370,D,55.3641
32.370,D,55.3641
32.370,D,55.3641
32.370,D,55.3641
32.370,D,55.3641
32.575,D,55.3641
32.575,D,55.3641
32.575,D,55.3641
32.575,D,55.3641
32.575,D,55.3641
32.783,D,55.3641
32.783,D,55.3641
32.783,D,55.3641
32.783,D,55.3641
32.783,D,55.3641
32.992,D,55.3641
32.992,D,55.3641
32.992,D,55.3641
32.992,D,55.3641
33.200,D,55.3641
33.200,D,55.3641
33.200,D,55.3641
33.201,D,55.3641
33.201,D,55.3641
33.409,D,55.3641
33.409,D,55.3641
33.409,D,55.3641
33.409,D,55.3641
33.409,D,55.3642
33.617,D,55.3642
33.617,D,55.3642
33.617,D,55.3642
33.617,D,55.3642
33.617,D,55.3642
33.825,D,55.3642
33.825,D,55.3642
33.825,D,55.3642
33.825,D,55.3642
34.033,D,55.3642
34.033,D,55.3642
34.033,D,55.3642
34.033,D,55.3643
34.033,D,55.3643
34.241,D,55.3643
34.242,D,55.3643
34.242,D,55.3643
34.242,D,55.3643
34.242,D,55.3643
34.451,D,55.3643
34.451,D,55.3643
34.451,D,55.3643
34.451,D,55.3643
34.451,D,55.3643
34.654,D,55.3831
34.654,D,55.4089
34.654,D,55.4097
34.654,D,55.4101
34.855,D,55.4100
34.855,D,55.4096
34.855,D,55.4093
34.855,D,55.4090
34.855,D,55.4088
35.058,D,55.4086
35.058,D,55.4084
35.058,D,55.4082
35.058,D,55.4080
35.259,D,55.4078
35.260,D,55.4077
35.260,D,55.4076
35.260,D,55.4074
35.260,D,55.4074
35.462,D,55.4073
35.463,D,55.4072
35.463,D,55.4070
35.463,D,55.4069
35.463,D,55.4069
35.665,D,55.4068
35.665,D,55.4067
35.666,D,55.4067
35.666,D,55.4067
35.666,D,55.4067
35.867,D,55.4067
35.867,D,55.4066
35.867,D,55.4066
35.867,D,55.4066
36.068,D,55.4066
36.068,D,55.4066
36.068,D,55.4066
36.068,D,55.4066
36.068,D,55.4066
36.272,D,55.4066
36.272,D,55.4066
36.272,D,55.4066
36.272,D,55.4065
36.475,D,55.4065
36.475,D,55.4065
36.475,D,55.4065
36.475,D,55.4065
36.475,D,55.4065
36.685,D,55.4065
36.685,D,55.4065
36.685,D,55.4064
36.685,D,55.4064
36.685,D,55.4064
36.893,D,55.4064
36.893,D,55.4064
36.893,D,55.4064
36.893,D,55.4064
37.101,D,55.4064
37.101,D,55.4063
37.101,D,55.4063
37.101,D,55.4063
37.101,D,55.4063
37.310,D,55.4063
37.310,D,55.4063
37.310,D,55.4063
37.310,D,55.4063
37.310,D,55.4063
37.518,D,55.4063
37.518,D,55.4063
37.518,D,55.4063
37.518,D,55.4062
37.518,D,55.4062
37.728,D,55.4062
37.728,D,55.4062
37.728,D,55.4062
37.728,D,55.4062
37.728,D,55.4062
37.937,D,55.4062
37.937,D,55.4062
37.937,D,55.4062
37.937,D,55.4062
38.144,D,55.4062
38.144,D,55.4062
38.144,D,55.4062
38.144,D,55.4479
38.144,D,55.4514
38.353,D,55.4519
38.353,D,55.4522
38.353,D,55.4519
38.353,D,55.4515
38.353,D,55.4512
38.560,D,55.4509
38.561,D,55.4506
38.561,D,55.4504
38.561,D,55.4501
38.561,D,55.4499
38.763,D,55.4497
38.763,D,55.4496
38.763,D,55.4494
38.763,D,55.4493
38.966,D,55.4492
38.966,D,55.4492
38.966,D,55.4491
38.966,D,55.4490
38.966,D,55.4488
39.170,D,55.4487
39.170,D,55.4487
39.170,D,55.4487
39.170,D,55.4487
39.170,D,55.4487
39.375,D,55.4487
39.375,D,55.4486
39.375,D,55.4486
39.375,D,55.4486
39.578,D,55.4486
39.578,D,55.4486
39.578,D,55.4486
39.578,D,55.4486
39.578,D,55.4486
39.780,D,55.4486
39.780,D,55.4486
39.780,D,55.4486
39.780,D,55.4486
39.982,D,55.4486
39.982,D,55.4486
39.982,D,55.4486
39.982,D,55.4486
39.982,D,55.4486
40.184,D,55.4486
40.184,D,55.4486
40.184,D,55.4486
40.184,D,55.4486
40.184,D,55.4486
40.386,D,55.4486
40.386,D,55.4486
40.386,D,55.4486
40.386,D,55.4486
40.386,D,55.4486
40.590,D,55.4486
40.590,D,55.4486
40.590,D,55.4486
40.590,D,55.4486
40.792,D,55.4486
40.792,D,55.4486
40.792,D,55.4486
40.792,D,55.4486
40.792,D,55.4486
40.996,D,55.4486
40.996,D,55.4486
40.996,D,55.4486
40.996,D,55.4486
40.996,D,55.4486
41.199,D,55.4486
41.199,D,55.4486
41.199,S,55.4486
41.199,S,55.4486
41.403,S,55.4486
41.403,D,55.4486
41.403,S,55.4486
41.403,S,55.4486
41.404,S,55.4486
41.609,S,55.4486
41.609,D,55.4486
41.609,D,55.4486
41.609,D,55.4486
41.812,D,55.4671
41.812,D,55.4927
41.812,D,55.4932
41.812,D,55.4935
41.812,D,55.4937
42.016,D,55.4934
42.016,D,55.4931
42.016,D,55.4929
42.016,D,55.4927
42.016,D,55.4924
42.219,D,55.4922
42.219,D,55.4920
42.219,D,55.4919
42.219,D,55.4917
42.219,D,55.4916
42.424,D,55.4915
42.424,D,55.4914
42.424,D,55.4913
42.424,D,55.4912
42.628,D,55.4911
42.628,D,55.4910
42.628,D,55.4909
42.628,D,55.4908
42.628,D,55.4908
42.830,D,55.4908
42.830,D,55.4908
42.830,D,55.4908
42.830,D,55.4908
42.830,D,55.4908
43.032,D,55.4908
43.032,D,55.4908
43.032,D,55.4908
43.032,D,55.4908
43.236,D,55.4908
43.236,D,55.4907
43.236,D,55.4907
43.236,D,55.4907
43.236,D,55.4907
43.438,D,55.4907
43.438,D,55.4907
43.438,D,55.4906
43.439,D,55.4906
43.642,D,55.4906
43.642,D,55.4906
43.642,D,55.4906
43.642,D,55.4906
43.642,D,55.4906
43.845,D,55.4906
43.846,D,55.4906
43.846,D,55.4906
43.846,D,55.4906
43.846,D,55.4906
44.049,D,55.4906
44.049,D,55.4906
44.049,D,55.4906
44.049,D,55.4907
44.252,D,55.4907
44.252,D,55.4907
44.252,D,55.4908
44.252,D,55.4908
44.252,D,55.4908
44.457,D,55.4909
44.457,D,55.4909
44.457,D,55.4909
44.457,D,55.4910
44.457,D,55.4910
44.659,D,55.4910
44.659,D,55.4910
44.659,D,55.4910
44.659,D,55.4910
44.860,D,55.4910
44.860,D,55.4910
44.860,D,55.4910
44.860,D,55.4909
44.860,D,55.4909
45.062,D,55.4909
45.062,D,55.4909
45.062,D,55.4909
45.062,D,55.4909
45.062,D,55.4909
45.264,D,55.4909
45.264,D,55.5067
45.264,D,55.5351
45.264,D,55.5356
45.466,D,55.5362
45.467,D,55.5362
45.467,D,55.5359
45.467,D,55.5357
45.467,D,55.5354
45.670,D,55.5352
45.670,D,55.5350
45.670,D,55.5347
45.670,D,55.5344
45.670,D,55.5342
45.872,D,55.5340
45.872,D,55.5339
45.872,D,55.5337
45.872,D,55.5336
46.076,D,55.5335
46.076,D,55.5335
46.076,D,55.5334
46.076,D,55.5332
46.076,D,55.5330
46.277,D,55.5330
46.277,D,55.5329
46.278,D,55.5329
46.278,D,55.5328
46.481,D,55.5328
46.481,D,55.5328
46.481,D,55.5328
46.481,D,55.5328
46.481,D,55.5328
46.684,D,55.5328
46.684,D,55.5328
46.684,D,55.5328
46.684,D,55.5328
46.684,D,55.5328
46.887,D,55.5328
46.887,D,55.5328
46.887,D,55.5328
46.887,D,55.5328
47.089,D,55.5328
47.089,D,55.5328
47.089,D,55.5328
47.089,D,55.5328
47.089,D,55.5328
47.292,D,55.5328
47.292,D,55.5328
47.292,D,55.5328
47.292,D,55.5328
47.292,D,55.5328
47.495,D,55.5328
47.495,D,55.5328
47.495,D,55.5328
47.495,D,55.5328
47.699,D,55.5328
47.699,D,55.5328
47.699,D,55.5328
47.699,D,55.5328
47.699,D,55.5328
47.902,D,55.5328
47.902,D,55.5328
47.902,D,55.5328
47.902,D,55.5328
48.102,D,55.5328
48.102,D,55.5328
48.102,D,55.5328
48.102,D,55.5328
48.102,D,55.5328
48.306,D,55.5328
48.306,D,55.5328
48.306,D,55.5328
48.306,D,55.5328
48.306,D,55.5328
48.511,D,55.5328
48.511,D,55.5328
48.511,D,55.5328
48.511,D,55.5328
48.511,D,55.5328
48.714,D,55.5328
48.714,D,55.5328
48.714,D,55.5328
48.714,D,55.5328
48.916,D,55.5601
48.916,D,55.5773
48.916,D,55.5780
48.916,D,55.5783
48.916,D,55.5782
49.118,D,55.5779
49.118,D,55.5776
49.118,D,55.5774
49.118,D,55.5772
49.321,D,55.5769
49.321,D,55.5767
49.321,D,55.5765
49.321,D,55.5763
49.321,D,55.5761
49.523,D,55.5760
49.523,D,55.5759
49.523,D,55.5758
49.523,D,55.5757
49.523,D,55.5757
49.726,D,55.5756
49.726,D,55.5754
49.726,D,55.5753
49.726,D,55.5753
49.926,D,55.5753
49.926,D,55.5753
49.926,D,55.5753
49.926,D,55.5752
49.926,D,55.5752
50.127,D,55.5752
50.127,D,55.5752
50.127,D,55.5752
50.127,D,55.5752
50.330,D,55.5752
50.330,D,55.5753
50.330,D,55.5753
50.330,D,55.5753
50.330,D,55.5753
50.534,D,55.5753
50.534,D,55.5753
50.534,D,55.5753
50.534,D,55.5752
50.737,D,55.5752
50.737,D,55.5752
50.737,D,55.5752
50.737,D,55.5752
50.737,D,55.5752
50.940,D,55.5752
50.940,D,55.5752
50.940,D,55.5752
50.940,D,55.5752
50.940,D,55.5752
51.142,D,55.5752
51.142,D,55.5751
51.142,D,55.5751
51.142,D,55.5751
51.142,D,55.5751
51.346,D,55.5751
51.346,D,55.5751
51.346,D,55.5750
51.346,D,55.5750
51.550,D,55.5750
51.550,D,55.5750
51.550,D,55.5750
51.550,D,55.5750
51.550,D,55.5750
51.755,D,55.5750
51.755,D,55.5750
51.755,D,55.5750
51.755,D,55.5750
51.755,D,55.5750
51.959,D,55.5750
51.959,D,55.5750
51.959,D,55.5750
51.959,D,55.5750
52.161,D,55.5750
52.161,D,55.5750
52.161,D,55.5749
52.161,D,55.5749
52.161,D,55.5749
52.362,D,55.5749
52.362,D,55.5749
52.362,D,55.5749
52.362,D,55.6136
52.564,D,55.6197
52.564,D,55.6204
52.564,D,55.6207
52.564,D,55.6204
52.564,D,55.6200
52.564,D,55.6197
52.767,D,55.6194
52.768,D,55.6192
52.768,D,55.6190
52.768,D,55.6188
52.972,D,55.6186
52.973,D,55.6184
52.973,D,55.6183
52.973,D,55.6182
52.973,D,55.6181
53.174,D,55.6180
53.174,D,55.6179
53.174,D,55.6179
53.174,D,55.6178
53.377,D,55.6177
53.377,D,55.6176
53.377,D,55.6176
53.377,D,55.6176
53.377,D,55.6176
53.580,D,55.6176
53.580,D,55.6176
53.580,D,55.6176
53.580,D,55.6176
53.580,D,55.6176
53.783,D,55.6177
53.783,D,55.6177
53.783,D,55.6177
53.783,D,55.6177
53.783,D,55.6177
53.987,D,55.6177
53.987,D,55.6176
53.987,D,55.6176
53.987,D,55.6174
54.189,D,55.6173
54.189,D,55.6173
54.189,D,55.6173
54.189,D,55.6173
54.393,D,55.6172
54.393,D,55.6172
54.393,D,55.6172
54.393,D,55.6172
54.393,D,55.6172
54.595,D,55.6172
54.595,D,55.6172
54.595,D,55.6172
54.595,D,55.6172
54.595,D,55.6171
54.800,D,55.6171
54.800,D,55.6171
54.800,D,55.6171
54.800,D,55.6171
54.800,D,55.6171
55.002,D,55.6171
55.002,D,55.6171
55.002,D,55.6171
55.002,D,55.6171
55.207,D,55.6171
55.207,D,55.6171
55.207,D,55.6171
55.207,D,55.6171
55.207,D,55.6170
55.408,D,55.6170
55.408,D,55.6170
55.408,D,55.6170
55.408,D,55.6170
55.611,D,55.6170
55.611,D,55.6170
55.611,D,55.6170
55.611,D,55.6170
55.611,D,55.6170
55.815,D,55.6170
55.815,D,55.6170
55.815,D,55.6170
55.815,D,55.6170
55.815,D,55.6170
56.017,D,55.6246
56.018,D,55.6613
56.018,D,55.6624
56.018,D,55.6626
56.221,D,55.6626
56.221,D,55.6622
56.221,D,55.6619
56.221,D,55.6616
56.221,D,55.6614
56.426,D,55.6613
56.426,D,55.6611
56.426,D,55.6608
56.426,D,55.6607
56.426,D,55.6605
56.630,D,55.6603
56.630,D,55.6602
56.630,D,55.6601
56.630,D,55.6600
56.833,D,55.6599
56.833,D,55.6599
56.833,D,55.6597
56.833,D,55.6595
56.833,D,55.6595
57.036,D,55.6595
57.036,D,55.6595
57.037,D,55.6594
57.037,D,55.6594
57.037,D,55.6594
57.238,D,55.6594
57.238,D,55.6593
57.239,D,55.6593
57.239,D,55.6593
57.441,D,55.6593
57.442,D,55.6593
57.442,D,55.6593
57.442,D,55.6593
57.442,D,55.6593
57.644,D,55.6593
57.644,D,55.6593
57.644,D,55.6593
57.644,D,55.6593
57.644,D,55.6593
57.848,D,55.6593
57.848,D,55.6593
57.848,D,55.6593
57.848,D,55.6593
58.050,D,55.6593
58.050,D,55.6593
58.050,D,55.6593
58.050,D,55.6593
58.050,D,55.6593
58.252,D,55.6593
58.252,D,55.6593
58.252,D,55.6593
58.252,D,55.6593
58.252,D,55.6593
58.454,D,55.6593
58.454,D,55.6593
58.454,D,55.6593
58.454,D,55.6593
58.657,D,55.6593
58.657,D,55.6593
58.657,D,55.6593
58.657,D,55.6593
58.657,D,55.6593
58.859,D,55.6593
58.859,D,55.6593
58.859,D,55.6593
58.859,D,55.6593
59.064,D,55.6593
59.064,D,55.6593
59.064,D,55.6593
59.064,D,55.6593
59.064,D,55.6593
59.269,D,55.6593
59.269,D,55.6593
59.269,D,55.6593
59.269,D,55.6593
59.269,D,55.6592
59.474,D,55.6592
59.474,D,55.6592
59.474,D,55.6592
59.474,D,55.6862
59.474,D,55.7033
59.677,D,55.7044
59.678,D,55.7048
59.678,D,55.7047
59.678,D,55.7044
59.881,D,55.7040
59.882,D,55.7037
59.882,D,55.7035
59.882,D,55.7032
59.882,D,55.7030
60.083,D,55.7027
60.083,D,55.7025
60.083,D,55.7024
60.083,D,55.7022