campaign_id,run_id,drop_idx,v_true_ul,v_est_ul,d_actual_mm
847,12705,29,46.17711318301494,45.967519394089344,9.943095150997193
609,9138,18,48.275211026814375,45.44318014908439,10.11637360828207
508,7622,0,52.918475561136894,52.32381193344797,10.128909203166069
586,8790,28,48.780401213721206,47.246691527928725,10.065395763782474
233,3497,5,49.231582411516925,49.39394709625081,9.98802247921237
432,6480,25,41.50713757440009,44.21099263775617,9.86344255100129
611,9167,13,49.95276405324984,51.694674680648525,9.934994305323242
724,10861,15,46.66651346459823,48.304414442545315,9.985960942172474
64,963,19,51.61226769627099,50.91650311801912,10.055064431674268
987,14809,13,48.099742571366725,48.6708180532675,9.865440377551685
653,9797,17,50.807582157345244,48.072582182985514,10.186901503664034
236,3543,0,49.84882278744881,51.29574648188025,9.810239224839446
806,12092,15,47.56766963890447,51.90468890174873,9.771009468196041
783,11745,19,46.68462579526306,50.413047621624386,9.799829294570907
554,8314,14,49.5672749035092,50.30816614150962,9.966549440687055
416,6242,10,52.89623375335208,50.51649433553813,10.212655266018386
96,1441,6,53.57055605633496,54.71437378758374,9.891624788386721
387,5807,14,48.50743147454987,46.66048549489516,10.136541868692664
463,6946,17,47.908486403651125,46.75551700441181,10.050293193960583
951,14269,22,43.03024715821239,45.476767124923974,9.773895932419641
333,4995,7,46.86605798544489,46.93863239860943,9.993532745807478
523,7847,0,48.32169302762192,48.22782183349775,10.116218093898619
484,7264,16,49.795350007569624,51.07060087930232,9.933946884419438
758,11374,20,51.0769728183554,51.86319834503887,9.96130110896441
715,10728,13,55.461842805258925,54.565962366441894,10.094343806614896
625,9375,20,48.410000864814215,51.02386146712177,9.998868278603053
810,12150,12,46.143091115641276,45.66838246528474,9.95517103727389
143,2148,23,52.12728462527605,52.04794003235511,9.989807357648909
931,13969,26,44.4224045555919,45.72516038974348,9.89819452487898
360,5401,2,50.00728076624265,49.36280991681699,9.996216425920053
827,12405,21,45.19964909197741,47.44388113849758,9.918813761307252
758,11371,6,49.40381466859451,48.22782183349775,10.071361359306943
322,4834,12,55.5342365952805,53.75798996468815,10.03323511162559
534,8010,21,51.182501387884265,49.6470159612804,10.034242559115649
145,2175,25,46.654743179460745,48.47430085612692,9.871683707520527
770,11552,2,51.73316493921236,48.94683337897269,10.151597261275054
408,6124,14,44.55599924359336,43.36621966847794,9.929709495555633
387,5805,22,51.61441020001099,48.6708180532675,10.15147579737416
958,14372,11,50.83967382415661,47.90955743133372,10.205784820120837
956,14343,16,51.466427079481505,51.47807716396567,10.04751270665296
498,7474,13,48.954758044699624,49.817624114570606,9.898466257259296
823,12346,4,46.72787424648835,46.88075492991767,9.887423661935713
62,932,16,48.606206393783026,45.967519394089344,10.194578453889935
431,6467,5,48.01985209576411,48.22782183349775,10.023603889942079
546,8192,25,44.870404640034366,42.945361611227305,10.1501008121106
493,7398,5,44.58076119501631,44.104202846675214,10.086374131946807
932,13981,17,46.91129913750255,44.516022458019336,10.154674240946434
681,10217,8,48.858647843594774,49.17343873011821,10.058252379025316
485,7279,26,52.99532722260849,52.10841400775863,10.029046120643851
797,11958,21,52.27122698636698,50.85786607604633,10.14600086059685
765,11475,25,44.83734763348867,45.111004001590224,9.99924411137777
499,7485,16,50.501735642607244,52.10841400775863,9.973834294108572
202,3034,19,52.500581115299866,51.655791888235235,10.046972370201448
267,4007,19,49.52089790083791,52.82091670477118,9.864569818379891
437,6555,25,52.75860282733301,54.565962366441894,9.88958243058321
333,4995,19,51.41695025259698,49.940428391608386,9.993532745807478
754,11314,18,52.956800463713215,54.210870453397256,10.010101484824844
347,5206,22,50.26172646982581,54.024517976506935,9.82544229200319
161,2417,12,50.19910888286264,49.17343873011821,9.97288959551783
900,13500,2,63.50063968865581,66.93728719954296,9.877682694539192
783,11747,0,53.295108598484646,54.25651530403526,9.947831034791848
989,14838,15,49.84456042074793,48.304414442545315,10.098450691136522
80,1201,25,45.49378234750647,44.6022381005655,10.01585724117232
573,8599,14,54.35411432314311,52.73944486818119,10.028000999653376
663,9949,21,52.59207063653787,51.99805383124755,9.99816979358019
153,2299,4,55.26737589229221,55.96502233399644,10.069113591697267
794,11913,18,52.43115443819665,51.277252642442235,10.030661925271152
204,3060,9,55.41506686574523,53.21314963858267,10.075765264464128
236,3543,25,44.35885579683793,47.71293842639498,9.810239224839446
183,2745,23,48.55881172028304,47.71293842639498,10.014395757615633
301,4519,14,51.89505694500463,51.47807716396567,10.018385128373579
356,5344,24,48.31442534417178,48.156089834601545,9.954286713246296
533,7995,12,50.08309086394737,49.575947835186824,9.933451645895136
878,13173,0,45.27005183928881,46.81352632410966,9.922196688555411
325,4878,20,54.02999965518493,58.01989846824418,9.886284437676675
745,11175,21,47.97567878995875,49.817624114570606,9.838467509282864
778,11674,24,44.85170635398928,47.56717598630167,9.968750830717568
486,7292,6,48.55217638480668,47.48281211123265,10.083722679696654
50,754,9,46.541462758324045,46.81352632410966,9.998432237364957
783,11745,15,47.204865897993926,50.021238130626976,9.799829294570907
161,2417,0,50.77478346339592,50.60162491140206,9.97288959551783
945,14179,7,46.1451493651899,44.13601640845506,10.082340342964796
41,619,20,44.71354373912487,43.6885638917904,10.009829454122992
425,6377,2,49.763203808598,48.072582182985514,10.059051291269224
189,2835,3,50.190402179645126,49.817624114570606,10.136761771091445
510,7650,6,52.62401919094377,50.96501042163603,10.037544743729796
575,8627,12,48.51743508136478,47.589755341614584,9.972965024538947
401,6017,20,50.27553625713583,50.85786607604633,10.078418746342129
253,3795,1,57.35434694568439,56.11506252857393,10.020572256241223
741,11118,24,50.953319375373084,53.21314963858267,9.858012285491954
310,4650,17,48.48756460966058,47.937293569644574,9.974740903485053
410,6150,3,51.91631279631068,49.575947835186824,10.089306017113572
820,12300,22,48.59666340671194,52.10841400775863,9.845528989743121
250,3752,26,51.70817007034328,54.25651530403526,9.944795042569789
723,10849,29,51.33511306544638,51.86319834503887,9.888732815433734
559,8386,0,56.154534855050336,57.16391530946389,9.955611598553835
703,10545,13,49.186866568075445,50.53929058715083,9.93618081776265
336,5041,19,60.188710452286486,59.31811176678388,10.081559398350457
532,7980,21,48.41013346521321,48.94683337897269,9.891508982922556
429,6435,16,53.33188836407027,53.541963230332655,9.945270335798462
647,9706,16,51.56227374046629,51.277252642442235,10.002179503444863
704,10561,3,51.28778968097073,54.565962366441894,9.794393902001941
663,9948,19,52.89153806963143,54.71437378758374,9.941614982054103
503,7549,19,48.63099947513776,47.44388113849758,9.994596877163413
125,1875,14,47.689932863822015,48.75014029988164,9.924275762311265
37,559,10,50.468339356050876,52.10841400775863,9.931387461795323
176,2641,28,51.508881976126986,51.694674680648525,10.028824316122181
215,3227,27,51.240158817365284,50.85786607604633,10.132679332353403
948,14222,7,55.72859709298601,53.75798996468815,10.03680957982719
0,3,7,46.37592169947302,46.75551700441181,10.001906568920047
145,2178,2,50.07092994382571,51.108618694774066,9.97173243500819
89,1335,19,48.47056925045176,47.246691527928725,10.040532203778604
138,2071,1,46.81983060498954,45.111004001590224,9.982803925760452
226,3393,11,50.86398387666096,47.48281211123265,10.082959289068265
243,3649,5,38.91618535100773,41.216230149137225,9.872937841365397
573,8597,23,51.1908705278713,54.00343112351445,9.870605384407769
325,4878,0,43.65595073811145,46.21962588725761,9.886284437676675
319,4786,19,50.61740624791678,49.60859939143891,10.0003965842611
127,1908,7,50.10371113548439,48.072582182985514,10.112147838806466
443,6649,29,52.030159840148485,50.841242236754475,10.125279740211406
219,3288,18,53.17822258755981,50.71919889886353,10.122287310951698
795,11927,4,52.696222287960026,52.04794003235511,10.027693892426875
701,10517,0,54.96459940660621,53.92901207410457,10.063471495876442
481,7217,22,49.270836054913694,50.413047621624386,9.912929730848699
626,9392,15,44.67972745090236,45.967519394089344,9.99406018323741
91,1365,2,48.80511123222499,48.96448672096862,10.086032120850048
280,4203,14,52.46774837515726,53.020115426946624,10.037180480656785
521,7816,27,50.533054893340456,49.39394709625081,9.993353656406104
320,4804,20,51.55759090902915,54.391258244136985,9.861899763576847
489,7338,19,58.05868782746958,54.565962366441894,10.210186604565811
260,3900,16,56.84512988150918,54.41340151632175,10.113631419853252
117,1758,12,48.165635774395376,46.2578397140851,10.176581609102735
434,6510,17,50.75579977940485,50.21964739442305,10.105721190429152
581,8719,23,54.53241484683543,51.86319834503887,10.106057313852817
874,13113,28,47.89461761527879,46.81352632410966,10.11868789105385
189,2838,9,51.75299914380826,52.49808894801558,9.981679462341932
984,14762,10,47.94841898025757,49.39394709625081,9.925794467585671
393,5896,22,47.7500503088275,47.97414006578026,9.895444165639406
691,10365,16,58.55491745613689,57.66688491366387,10.126556179074413
378,5673,1,52.72806039354651,58.995877370685704,9.683097553251347
225,3377,7,49.94890173854631,48.304414442545315,10.147503561243632
681,10218,4,41.20776852892329,41.216230149137225,9.978879783633218
353,5296,13,53.46248515385242,52.57331906165518,10.093505797985905
363,5449,1,48.90425923882914,45.72516038974348,10.251675537598908
669,10039,22,45.55420829025912,43.36621966847794,10.086481132181083
254,3811,21,46.10332231457601,45.44318014908439,9.99926562877161
882,13230,23,50.56009321722014,51.6733161870415,9.92698726724652
268,4023,11,48.81542824110275,46.190301815453424,10.183794830290788
407,6108,12,54.87529920817904,59.9986188808033,9.870026378528642
246,3693,20,51.81574651514511,47.589755341614584,10.29130331228097
402,6031,29,54.34563559622943,52.68454607501718,10.051471719775424
744,11160,3,51.993274408845124,51.47807716396567,10.074889604658061
903,13548,3,41.911687213660656,41.49346843933823,10.073170362205337
72,1081,10,51.29624692748043,51.277252642442235,9.944261101872051
921,13816,14,47.18736460519418,48.22782183349775,9.876118282271916
227,3407,13,49.51101257479219,47.33823120450411,10.12272042742986
259,3885,28,52.71123288702171,54.210870453397256,9.904104073984824
340,5101,16,48.52442747369347,49.575947835186824,9.924359939969406
972,14580,8,50.33684075298618,48.713876869456904,10.041845967914972
569,8535,13,56.38057232596783,56.05134369000536,9.984165042926037
663,9945,7,45.68357084234289,46.81352632410966,9.913572707390442
119,1787,8,51.7269010736374,51.90468890174873,9.932103977177325
102,1531,3,49.738268887197165,52.10841400775863,9.953040781375178
43,648,28,44.32036171883265,45.2221147990152,9.920728865536125
177,2656,16,48.6012965109804,49.17343873011821,10.014682630352475
62,934,4,47.662731151884394,45.708791000737904,10.131892112620898
903,13549,0,52.67517076155685,54.71437378758374,9.888101415050397
0,4,3,52.66746452343563,51.47807716396567,10.051133044044294
831,12468,7,51.15742521070635,50.91650311801912,10.06824974522286
749,11236,7,50.7659273126215,48.53018974477303,10.182089528063326
236,3542,3,44.08403433157205,47.1666124068007,9.688923394363576
177,2658,29,52.12735144296426,49.37719581431253,10.235877010167648
126,1891,21,51.9473426445682,49.413699407572295,10.077354671842404
137,2055,15,49.697590029359546,50.96501042163603,9.980612860348204
590,8853,24,48.47937250940011,47.606277649767634,10.06035578196475
259,3886,3,45.20294391129639,47.834448398042156,9.89210689208471
363,5448,6,49.46149031360629,47.004342093788374,10.135212133124256
39,586,1,53.61430849325829,51.47807716396567,10.088292315222366
984,14762,12,54.49666438181055,53.831901031291046,9.925794467585671
508,7621,16,54.726399621769474,57.278702253746665,9.865746033928456
557,8355,12,37.70772086813515,39.20604550556821,9.909157940925894
434,6510,0,48.42549089399892,46.704952282402196,10.105721190429152
668,10022,22,49.19406376159873,48.304414442545315,10.133009987059411
502,7533,23,45.53626543844453,46.23738672703541,10.008685277571091
940,14100,2,40.07350253593929,44.96096752605991,9.712008249187946
745,11177,23,51.77312710622989,49.60859939143891,10.170538397289022
223,3346,22,51.577839281104865,51.86319834503887,10.068757671991058
357,5359,3,54.55591262903763,54.43056301793513,9.954583182551358
543,8148,0,51.837460579495634,51.02386146712177,10.056925021953072
369,5538,20,47.43859107633799,49.17343873011821,9.944739863033607
35,529,15,44.48542219778736,43.36621966847794,10.039686629651342
534,8012,11,50.42429590272206,50.30816614150962,9.894106093462693
262,3933,7,50.680839684342295,46.21962588725761,10.231202527671567
244,3660,15,42.884318122888374,47.71293842639498,9.692387595047345
433,6496,7,55.019515230590024,57.49900471378509,9.810322287563025
899,13486,1,49.47054132937561,49.6470159612804,9.977901740918224
637,9557,6,57.7221125517967,54.71437378758374,10.075375327737133
243,3646,28,49.64291288155866,50.18037238520646,9.99133182167577
382,5734,14,52.36792131814659,56.26043826605269,9.82336498956084
417,6258,12,44.40764967287668,43.6885638917904,9.98170669992979
579,8685,21,51.15343610790052,48.304414442545315,10.222048521126059
865,12979,29,46.34139688205927,48.304414442545315,9.778843844964305
593,8898,14,41.23074396708934,42.45884812316311,10.00099698412945
490,7351,19,53.67039748895992,53.75798996468815,9.996018946808572
381,5717,28,47.99633900619682,47.71293842639498,9.97875769915301
232,3483,6,51.7149697902055,52.40281113290192,9.963099742450648
455,6828,2,51.062778817213854,50.78555632468842,10.04194538073532
681,10218,25,51.702400221288336,51.6733161870415,9.978879783633218
481,7216,23,50.33197907790036,52.49808894801558,9.86884462197197
275,4126,22,44.564814513856106,45.690050209253094,9.935195721414503
312,4683,14,50.924316437331534,53.363327771097616,9.902752638814917
514,7712,7,44.954134148289796,46.21962588725761,9.864500629953973
909,13636,9,50.49174960576809,49.17343873011821,10.070801279902541
266,3994,5,51.70499424408681,54.024517976506935,9.909605272464326
903,13545,7,41.54708424748024,42.834487238473216,10.020930010878171
963,14445,9,45.445383868042136,45.07785039880039,10.046718774496496
902,13531,7,47.30141059200166,45.44318014908439,10.238667032928875
444,6663,12,53.09243295430053,54.25651530403526,10.043476993403711
999,14986,4,51.74475567581096,53.37978777337861,9.909349209120448
146,2193,13,55.883945842476784,54.858802328501646,9.967237262910562
458,6872,10,56.547158805760375,56.11506252857393,9.95866704586945
727,10908,27,48.58331285867119,45.967519394089344,10.119087656922181
558,8370,12,49.30855473719289,50.30816614150962,9.902865953668679
122,1831,3,49.470387048536494,50.413047621624386,9.898822846067798
883,13247,6,49.770788240167434,51.07060087930232,9.935586610783853
659,9886,4,48.00139895108221,50.18037238520646,9.943725980079245
367,5505,6,50.654435063797955,50.413047621624386,10.124705995261854
494,7413,19,43.743944679047274,42.21335429161499,10.226521792706611
864,12961,25,47.61064856176061,48.6708180532675,10.05358103174876
604,9061,0,59.42462044591043,61.18276831353289,9.92522947240393
567,8506,0,53.29068615971092,56.42114401509585,9.842472676607388
574,8611,2,46.183113593201895,44.104202846675214,10.027438332648014
869,13038,2,43.697136777749066,43.54868599211698,9.945324665191926
410,6152,29,52.049039835484216,51.47807716396567,10.163627925348223
802,12032,18,63.41389696233163,61.88066392536384,10.084655158489507
730,10952,26,50.25490489855781,48.072582182985514,10.116543358623067
464,6964,29,50.612255983134844,51.47807716396567,9.83797867745923
11,168,28,50.36361148614383,49.17343873011821,10.027525676146166
564,8461,16,53.418842397532444,52.30612700392208,10.042057439105617
303,4549,12,56.27011579195976,59.12060434290235,9.927044451206473
293,4396,8,49.3790110345116,51.07060087930232,9.916199962022885
885,13278,1,48.61387942514134,45.40465809958241,10.195784622219369
92,1383,22,48.14992793600293,46.81352632410966,10.05911700236565
687,10306,9,39.167294856440755,42.52805568595667,9.737211148601116
160,2401,9,53.4144643485434,53.041862807900806,10.019653118895391
442,6630,3,50.48450817362313,53.21314963858267,9.81978349722738
366,5492,22,46.64585404798153,49.60859939143891,9.812674583577124
644,9660,3,51.28772481545454,55.65002294957862,9.815177155071972
957,14357,1,52.22733514731796,54.565962366441894,9.943462249777095
73,1097,24,45.73676566842853,45.967519394089344,10.04574526431633
659,9889,22,54.04923942484612,54.210870453397256,10.015408355147175
759,11387,14,45.555126932970516,45.75238314774481,10.04831337984404
399,5986,17,51.97781390933173,50.51649433553813,9.97949149686902
676,10144,22,50.10139675053301,51.07060087930232,10.010091965841193
49,735,21,52.526018789540565,53.58183066222561,9.896881870507757
466,6994,12,45.30643476925754,45.690050209253094,9.980994241540737
854,12811,29,46.84293885969111,45.708791000737904,10.036511652874585
159,2387,12,45.94437447690547,44.44745892793976,10.186956752001107
240,3604,17,53.62764464548468,52.68454607501718,10.04557547430921
997,14959,10,52.37113618174118,53.75798996468815,9.931724982327818
496,7440,29,44.62896652022643,47.1666124068007,9.83787551850665
506,7590,4,50.3047594375591,50.63877735111685,9.987457642590496
966,14491,25,50.83490614589349,51.86319834503887,9.99340464025709
34,511,11,48.08841146107986,46.53972265183674,10.094957861563842
238,3574,13,52.60816568687543,52.68454607501718,10.077298101070241
609,9138,12,45.70810559876941,45.739581697581855,10.11637360828207
37,559,28,56.97872069010578,58.54215799596886,9.931387461795323
676,10141,26,43.07808628843281,44.96096752605991,9.942407966836173
191,2866,3,49.64637566437637,52.68454607501718,9.934489688195393
683,10249,19,51.242545730195495,51.694674680648525,9.916637540390415
507,7608,5,49.937717145653465,49.817624114570606,9.946802578065757
200,3003,16,52.54117836120848,50.09397864972664,10.203477710623643
696,10440,8,52.58433612381551,50.85786607604633,10.099228425699286
563,8448,21,51.62569854915328,49.37719581431253,10.09304147337746
323,4846,4,50.19394455055175,53.020115426946624,9.851479867161729
404,6061,19,48.56210899011671,47.97414006578026,10.052840305077744
856,12842,20,48.601260727214964,52.40281113290192,9.816628370343853
95,1428,5,45.744365108281954,46.2578397140851,9.996285585300434
331,4968,2,48.604886713516585,49.17343873011821,10.02373151396849
770,11550,6,55.227829068110005,51.07060087930232,10.177212812125374
89,1339,27,41.46896499076981,41.539071221431236,9.974001975758526
415,6226,2,43.476776288838565,40.61307544418796,10.124622116235424
518,7771,16,52.75228019415751,52.30612700392208,10.031382547435674
609,9135,3,54.6201893024504,53.40030005230382,10.100463020336182
974,14612,15,52.26706340408032,53.541963230332655,10.024095717815468
359,5385,26,44.961280550964325,44.96096752605991,10.045806794454862
994,14912,20,59.9954883226284,65.44984694978736,9.75660690544142
176,2642,1,49.673338132092425,47.44388113849758,10.15978445073663
469,7038,15,51.62718168778826,48.92592188678369,10.072963983503199
828,12423,24,58.30344788494001,58.34231011007666,10.063496562868503
829,12435,0,54.79855803454309,56.05134369000536,9.98005323671715
161,2419,6,48.9703838265529,49.87368295115478,9.968595264153834
803,12045,3,48.11169449334345,46.23738672703541,10.130589092135809
372,5580,2,51.14142447587275,52.16292071255631,9.964843252046787
444,6664,18,50.72363766491361,48.0254676007305,10.23640844553622
797,11955,23,55.694018820557226,55.50853990821163,9.912068434148368
320,4804,0,49.75872355925455,52.04794003235511,9.861899763576847
78,1170,22,47.14161590056961,44.21099263775617,10.179546857114033
711,10665,22,46.420233826103384,46.88075492991767,9.93859222193731
390,5854,0,45.31888249314373,45.360027049600475,9.954161178579465
923,13847,12,56.620657726804986,52.68454607501718,10.173203749495158
674,10114,17,50.31270852486982,51.47807716396567,9.930504702122345
625,9376,21,51.58950250409663,54.25651530403526,9.914143203170031
831,12467,0,41.91180305870763,41.5071671742687,9.942568646576335
50,751,23,49.04611061085052,48.304414442545315,10.088778359952665
172,2582,5,51.7666499615703,51.47807716396567,9.97990747801387
973,14598,24,47.93249109150122,47.97414006578026,9.975883260603622
524,7862,27,43.48550274834605,44.3561196241717,9.928521608220324
861,12918,11,50.78391325967946,48.96448672096862,10.107700332199611
576,8641,15,55.28091333851181,58.01989846824418,9.848449761318065
447,6709,7,47.98846281678116,46.93863239860943,9.96789802508193
981,14718,11,46.57648210014121,48.156089834601545,9.935218272865592
373,5599,6,45.818107640995215,44.89020001409446,10.0366437676876
49,736,15,48.28147967429665,48.22782183349775,10.019930167218737
219,3286,28,54.5912890761242,54.735246513879986,9.995731683898276
90,1350,5,44.73648561067071,45.967519394089344,9.874983460581149
622,9332,12,49.27539810425683,47.589755341614584,10.207290023620413
955,14325,12,45.17096673571665,45.111004001590224,10.125868543727597
575,8626,26,49.53028855242225,48.53018974477303,10.041387553126176
21,319,18,50.57448898672309,49.17343873011821,10.076726097114259
733,10995,21,49.13137844174884,53.041862807900806,9.849172251818905
557,8355,24,51.96813508299662,52.615254703706356,9.909157940925894
222,3333,21,47.41491685412712,50.63877735111685,9.923221753969178
600,9000,10,48.34377240952089,48.53018974477303,10.036199030629387
964,14462,8,48.82784951475905,48.96448672096862,10.003827833946094
391,5868,20,57.025703616471006,57.278702253746665,10.091202133499825
374,5614,23,46.85005659198742,49.87368295115478,9.855620618220268
785,11777,3,54.39458745149519,53.05920619614755,10.107161924751283
580,8702,24,55.70392971438651,55.78754353724145,10.045158756431167
376,5640,24,50.033681289464035,49.575947835186824,10.078312611136322
700,10501,21,52.75021623508875,52.68454607501718,9.930419975446416
583,8746,22,44.52858219609159,43.034336779674426,10.209640650588009
381,5715,14,52.80660423702648,52.865730828546276,10.024339008918302
707,10608,19,51.69373019145387,51.86319834503887,9.986756345627937
298,4474,15,46.734040212050076,46.23738672703541,10.021000557067193
815,12229,28,53.28031191401218,54.735246513879986,9.906863172443577
590,8850,12,49.021792222198606,46.49995644266512,10.084876024819437
950,14252,11,48.92941089352405,48.96448672096862,9.997659637917796
978,14672,22,55.47843162465161,56.799385066359285,9.931451409519955
207,3105,16,47.66133177257479,49.413699407572295,9.941768047880409
349,5235,13,51.48906604449741,48.713876869456904,10.141879597673803
449,6739,22,46.02307008398077,46.704952282402196,9.958486217582173
246,3694,2,40.43254446025249,39.46507156810209,10.068279217538311
578,8673,2,47.04546765790577,47.33823120450411,9.98520818306196
759,11387,0,51.17334115291165,51.47807716396567,10.04831337984404
614,9214,9,43.9055199868637,44.77258382940327,9.940798949070482
277,4157,14,47.758453693784666,47.3890960617658,10.037323431377208
410,6153,23,52.03643758125771,54.210870453397256,9.847467794348567
915,13729,7,55.58771844139977,57.54164921492615,10.02167024373131
41,617,16,50.80818002974252,48.22782183349775,10.103098127831627
54,810,12,55.058855049197675,57.41232281173469,9.827296630681971
202,3034,10,52.15180295431732,50.32439632725663,10.046972370201448
745,11175,13,50.61496931736723,53.92901207410457,9.838467509282864
629,9437,7,49.61890877162836,47.004342093788374,10.168443815438042
93,1396,13,49.67057623004364,50.63877735111685,9.900266571400328
685,10277,28,49.06266697827301,47.937293569644574,10.046196506302952
114,1713,3,49.61844534198255,55.05853078200474,9.795064979632663
835,12527,9,49.99791797890285,51.47807716396567,10.012647331067624
513,7699,27,41.540506195021266,43.6885638917904,9.843412085899184
714,10712,18,50.12738360338728,47.8060065505672,10.132173597564494
123,1847,5,43.93169609025015,43.242903477985436,10.023574277238092
3,45,25,52.50695689186684,54.1494301073915,9.879122957743379
690,10353,6,53.97217877009586,55.36292107709943,10.025035329624888
566,8491,24,43.343253694026785,43.846284187064576,9.97007610002045
615,9228,14,52.79297937953442,51.90468890174873,10.011123610537593
103,1547,4,54.37913584053512,56.30114769882032,9.85263961682777
682,10232,19,48.02537886566199,46.2578397140851,10.042025128471161
762,11432,5,45.436018404864946,45.170412691067845,9.942752028340898
62,930,24,51.09364382562552,53.92901207410457,9.96237326638347
652,9782,5,55.924470280648876,53.40030005230382,10.158806968730975
544,8161,19,46.02520584269886,45.50631028150934,9.96292201803866
395,5926,29,52.33906093654288,49.413699407572295,10.150071607480937
585,8778,25,44.798260736945586,44.69307766148222,10.070548800704456
53,798,2,45.42806332701963,43.42378543929016,10.166727820157007
832,12483,11,49.64926166363211,50.18037238520646,9.927765621609197
306,4592,28,48.27853375297344,49.17343873011821,9.915708519583223
389,5837,14,48.26781923645231,49.413699407572295,10.01678875054393
277,4159,13,51.935796387039204,48.807838457780214,10.22156281667084
149,2237,28,52.157517248254216,48.92592188678369,10.095087725124024
796,11942,5,42.63078730983268,45.967519394089344,9.841944825665012
139,2087,26,49.02700439510754,49.87368295115478,10.030706868871544
446,6691,1,51.01356121144508,51.86319834503887,10.075488649425523
532,7981,21,50.1510595713735,48.713876869456904,10.035495045585836
693,10397,11,55.99393863448766,52.865730828546276,10.077160308291644
333,4997,7,49.909727127326306,49.413699407572295,10.073264780232215
564,8462,27,46.07178356943176,45.708791000737904,10.11049842395857
627,9406,4,45.44603689617183,44.13601640845506,10.188370114229299
661,9919,5,44.57049277539603,44.30620651600063,10.02936104524324
28,422,15,54.30262249589972,54.565962366441894,10.019425605187493
33,496,12,48.855743216965166,48.57780466645336,10.02059429251412
843,12646,19,43.9943449424934,48.22782183349775,9.830195266469264
283,4248,24,48.96916606363116,50.413047621624386,9.896839747807116
363,5447,22,49.17841051927786,49.17343873011821,9.960024790246894
237,3555,14,47.55531038514516,48.304414442545315,9.948559174795369
127,1909,29,54.593165544236186,55.921265477234265,10.022132463704295
473,7099,4,44.35324311777333,45.708791000737904,9.946048474909459
311,4668,6,49.135926503073485,51.108618694774066,9.91320854006757
879,13189,10,46.022941812324305,43.210226222331904,10.19572840508712
965,14479,15,48.673127642282445,45.023011170754174,10.191431646362929
101,1516,13,52.68004439723194,51.90468890174873,10.016850727585345
13,195,27,50.53834314546158,49.6470159612804,9.990802286231542
513,7696,18,48.999932408176846,47.834448398042156,10.033490622624834
593,8895,19,50.35946835436045,52.49808894801558,9.9225339950007
344,5164,16,49.45120308535504,48.53018974477303,10.009307994882267
167,2509,17,47.85448572965171,50.63877735111685,9.911369282434322
694,10412,19,54.04397326163331,53.75798996468815,10.108583515573155
525,7878,21,47.40290343505206,52.10841400775863,9.760361643534099
292,4380,7,51.75290927586494,52.30612700392208,9.969623239883324
758,11374,4,53.797219422314704,53.792598111671964,9.96130110896441
870,13054,3,47.72343540558654,46.49995644266512,9.944549023606358
66,993,0,49.78081872292867,49.37719581431253,10.068775882653366
459,6885,21,40.8721170439892,41.55779938671352,10.028581711148359
302,4531,7,49.84860615249152,49.413699407572295,9.995783399040839
492,7382,1,50.91855322071249,51.47807716396567,9.975744451156997
507,7606,10,48.94328044231765,47.33823120450411,10.097759841083706
85,1279,13,48.186056467112095,52.30612700392208,9.820974428401849
636,9543,9,45.38627699385191,43.13296394557682,10.137230693344742
612,9180,24,56.62623041757312,56.53803861335696,9.962926030898508
950,14251,12,46.847836279727744,44.41818508106863,10.094229009364474
245,3675,11,54.27543959653416,55.05853078200474,9.906553623500558
443,6645,5,44.22782510854185,44.41818508106863,9.996647423252623
405,6076,17,49.4188939149947,48.92592188678369,10.046682880227397
275,4127,12,54.490577087561356,55.05853078200474,9.902480695935498
383,5747,23,52.82538808086471,50.71919889886353,10.100345412466453
800,12003,1,49.80228797110117,48.94683337897269,9.999770978996827
705,10579,11,44.864877858044004,43.969217622648124,10.076140732066618
831,12469,10,44.86152158318535,43.846284187064576,10.016799514629822
382,5734,2,46.71017160149275,49.413699407572295,9.82336498956084
700,10503,7,47.78128383198357,45.34353449356896,10.218429100486047
322,4832,25,53.71090185628468,58.237990829565106,9.808436916577769
756,11341,5,53.51099451600599,54.698083283387156,9.93121665840466
556,8344,9,49.77446464638174,48.47430085612692,10.106671345047666
377,5657,3,53.3882836972608,51.47807716396567,10.13117069020514
928,13924,9,50.94720984403938,50.91650311801912,9.97731480397122
121,1817,5,52.72108673333034,57.70775442661132,9.766826343832918
466,6993,1,48.21683979970969,46.21962588725761,10.071786686241884
471,7065,5,51.37440165306812,50.21964739442305,9.974223107621464
5,76,3,50.297474800887436,51.86319834503887,9.956203253262299
132,1983,25,46.296213736449516,49.413699407572295,9.957785918777763
1,17,3,46.800512965036,48.40777620733169,9.890590046032798
741,11119,15,43.435270304584,41.216230149137225,10.282169585710955
979,14689,22,52.709883309082045,51.86319834503887,9.936345237658106
428,6423,20,47.691998859585546,49.36280991681699,9.949770509213616
41,615,27,46.98286895016201,47.834448398042156,9.899997140824588
891,13366,21,44.82584415786111,41.82085965388765,10.19476849526565
591,8868,18,46.514812895869255,47.71293842639498,9.921467272894791
755,11327,19,51.557599204637754,52.30612700392208,9.96272357048568
155,2328,19,49.69993144841017,50.63877735111685,9.970181098940103
692,10380,17,48.80006423819352,51.277252642442235,9.888333064671643
26,393,1,47.92369824561418,49.39394709625081,9.958957872120742
738,11073,18,46.817256913408116,48.40777620733169,9.945556059179982
195,2926,3,55.25251445890698,55.13633368729514,9.978450933307029
50,750,10,54.949344397768485,50.21964739442305,10.315405812065446
54,812,20,49.145912657725,47.589755341614584,10.00176042271626
29,435,23,46.5233734345128,48.36952934878439,9.873108639723073
188,2824,8,49.47356211705769,52.865730828546276,9.713685193750347
896,13441,20,48.48698741537788,49.692872192338264,9.901780016000627
998,14970,23,54.271069291207205,50.63877735111685,10.187923277731647
446,6692,23,47.024837254274416,45.476767124923974,10.061362060673252
312,4684,19,56.42694023498353,57.90583579096705,9.83813328049115
476,7143,22,45.456040796052925,45.170412691067845,9.932693315121087
728,10924,20,53.72331576317016,55.81009003172982,9.883585299897998
11,168,26,55.82007041478326,56.670653192557076,10.027525676146166
441,6618,17,53.82893677033585,55.65002294957862,9.944968435984212
723,10849,0,45.5638442063532,46.23738672703541,9.888732815433734
569,8535,26,46.59233585746618,47.48281211123265,9.984165042926037
826,12394,14,51.15747924101705,50.91650311801912,9.93672599445348
552,8283,20,47.23383873864396,46.75551700441181,10.078078900367935
872,13084,4,48.37045910632673,45.739581697581855,10.232147341768691
58,872,23,49.390868792772466,51.254583653980724,9.962951116748004
525,7875,7,47.22669362782197,45.967519394089344,9.931635502211957
382,5733,14,56.69112731174992,55.36292107709943,10.072448617030197
16,241,1,51.77552144504637,48.47430085612692,10.177008724821674
82,1232,18,47.552545914368885,47.33823120450411,9.995338738349265
335,5027,24,54.48041403433451,50.413047621624386,10.25355486818657
743,11148,21,44.37187030702082,46.53972265183674,9.903014552131795
990,14854,8,49.69400815961783,48.40777620733169,10.234138349190788
257,3857,22,57.55653076871715,56.670653192557076,10.135436544721195
454,6811,2,55.36605725830314,57.90583579096705,9.802034674427276
41,616,14,44.68158399912471,45.44318014908439,10.032402417396549
9,137,15,50.997888666588075,50.78555632468842,9.995365319188739
897,13459,11,48.585694465416786,46.23738672703541,10.174033887046296
518,7773,10,52.72106859493133,50.96501042163603,10.121429466263741
316,4742,29,52.98662049458964,51.86319834503887,10.090051354975781
695,10428,10,43.046969771744784,41.539071221431236,10.145705199464343
55,829,19,47.59291604338235,48.0254676007305,9.88709663397829
149,2235,15,50.307299382367816,49.17343873011821,10.17068177857281
750,11254,14,44.69465989579846,43.846284187064576,10.042895148232494
540,8104,20,50.25050551113567,50.71919889886353,9.958891360794539
457,6855,5,53.48834481654619,50.63877735111685,10.037015956141495
344,5160,2,51.89118079755529,51.07060087930232,10.026052612727325
695,10425,5,41.27356987933232,41.216230149137225,10.068283043478568
578,8674,11,53.17476436340263,50.5006716708999,10.151128232086148
935,14029,14,57.91258197255372,57.90583579096705,10.076613160926696
200,3000,19,47.691240270982554,45.967519394089344,10.129971213348922
850,12750,7,45.61292391397472,43.6885638917904,10.184825890037892
316,4740,19,45.664838256686195,42.60542629590604,10.12737789744562
685,10279,23,53.05878007185232,51.29574648188025,10.0251026967477
3,47,28,54.29287262311515,55.13633368729514,9.902577837919075
375,5625,8,49.98911951546008,52.18324656791131,9.937396815755918
447,6714,22,49.043941196250564,47.834448398042156,10.11628323766245
713,10704,15,49.146986549712366,49.43733855534941,9.961884320617608
899,13494,11,58.249193857135644,56.799385066359285,10.136261044871214
793,11904,28,45.836583445968394,45.170412691067845,10.095839519128038
307,4611,14,49.185803141725316,48.75014029988164,9.929321156843713
764,11469,12,56.151341582420244,55.36292107709943,10.016451910634391
924,13866,9,48.535433915886514,50.21964739442305,9.947884440728085
103,1554,26,54.23637776555746,53.69985227329865,10.044841936801445
403,6054,13,51.51599409880007,54.0951177442319,9.879005721043365
642,9638,13,45.22266329774091,44.67878654743736,10.06962771450261
791,11870,27,50.68448075025611,51.254583653980724,9.935775205997462
571,8570,20,53.97758024394621,53.041862807900806,10.095942112437422
867,13014,1,54.27093282996068,52.04794003235511,10.127028590177597
752,11288,17,51.04013802333237,53.21314963858267,9.910965328975465
919,13792,2,51.396907620963475,50.85786607604633,10.02801550063092
930,13955,21,52.44298184205334,47.246691527928725,10.277470675826345
617,9261,28,49.26855898313407,50.51649433553813,9.97011718841564
766,11499,22,49.59908533556204,47.004342093788374,10.164560199270444
570,8555,10,50.56858676545781,48.94683337897269,10.04048785305277
329,4944,17,54.253265615043325,56.92440200995313,9.859297350528886
748,11228,22,50.63274890587691,48.6708180532675,10.079061842106304
874,13115,21,54.08046001974164,55.21298288905567,9.985318329751728
192,2888,2,51.173698371094424,49.39394709625081,10.125400550176574
780,11707,12,42.875725331163196,45.360027049600475,9.860695762584678
27,411,17,53.53868179267617,54.89935836603868,9.84718850141334
769,11542,8,46.45735659765979,45.2221147990152,10.099752469036174
912,13686,21,57.95148594290543,56.53803861335696,10.045350796625414
505,7581,20,49.055150671672024,48.75014029988164,9.982205972753002
770,11558,27,54.93078444600076,56.670653192557076,9.988308923099533
97,1460,25,53.51228770796151,53.92901207410457,9.93890359303797
4,68,1,42.17350238702827,40.642462617754994,10.094662194118985
609,9142,1,49.59063322776021,46.53972265183674,10.182238804915608
982,14737,2,47.81582166242902,47.589755341614584,10.013842042454618
270,4055,17,38.698102638227596,37.37329576811292,10.0807972857282
770,11558,26,45.67610684985591,45.967519394089344,9.988308923099533
600,9006,13,44.6460816350105,44.80872961654161,9.949713073102929
734,11016,15,51.808819777469246,48.53018974477303,10.231245226450131
644,9666,26,47.389046870376404,47.246691527928725,10.04901947614939
325,4880,14,53.41741114281772,53.92901207410457,10.026698140151854
165,2481,23,51.101098495976935,48.304414442545315,10.089613254573106
723,10854,28,50.731114370758114,49.6470159612804,9.981708705191421
737,11063,24,45.02620822895669,45.967519394089344,9.946421540830615
835,12532,10,46.46354335005483,46.49995644266512,9.989565737203925
173,2603,7,43.668312794445136,44.00176731975243,9.984282437056374
62,938,4,47.6320150527436,47.589755341614584,9.958965733904515
827,12412,8,49.619773825802575,48.53018974477303,10.010405040893415
137,2062,27,51.78854304066211,54.024517976506935,9.955889271332167
597,8960,9,48.804302143141356,48.6708180532675,9.929476918134567
905,13583,29,47.949382098953826,51.6733161870415,9.709314385111712
596,8945,29,54.223714732300834,53.50987655725704,10.050962895298106
114,1715,12,53.67934083728381,55.36292107709943,9.846071802363305
447,6712,2,49.635336787354255,49.413699407572295,10.024622763840293
865,12983,11,43.26265573330714,41.539071221431236,10.256386056636167
984,14766,19,49.56905034047184,48.47430085612692,10.118355134871566
385,5781,2,47.40067130405532,44.41818508106863,10.20963501424981
312,4688,22,50.35534901781314,51.277252642442235,9.920281218363487
525,7882,23,53.900516430217365,51.29574648188025,10.135098544056753
245,3684,23,55.97024586512715,57.49900471378509,9.894853836327492
147,2210,12,60.4779244697226,62.12254246879725,9.928413508711666
849,12744,2,47.9107837564862,48.40777620733169,10.04908941618446
86,1299,0,53.47319180193465,54.89935836603868,9.974533570339974
179,2690,7,51.07510681958061,48.92592188678369,10.138802078575495
632,9488,13,45.48339268451237,42.11220412472228,10.223028488521502
647,9710,13,52.308718599833135,54.391258244136985,9.886619564869658
178,2675,29,49.620153339519675,49.17343873011821,9.975495914320124
574,8618,0,49.39179342295486,48.6708180532675,10.106722568394245
672,10086,16,49.47406702748192,50.30816614150962,9.851960762448979
941,14121,13,55.90529952172749,56.670653192557076,10.01786923697171
397,5964,7,45.384782625883716,47.48281211123265,9.916794026836314
160,2407,27,48.42759516715027,48.072582182985514,9.983919994481397
728,10929,16,48.44480957806338,48.0254676007305,10.001396194252772
610,9156,23,43.95304595662082,45.44318014908439,9.794568148193594
827,12414,8,43.69492979587044,44.80872961654161,9.942483980250996
222,3339,10,55.03913775509762,53.58183066222561,10.160032032331232
660,9907,1,45.15879733494077,44.39162976984621,10.021067976820603
245,3682,2,48.91109029856613,48.75014029988164,9.911642123348237
104,1569,15,46.51599980634071,46.53972265183674,9.962474964751852
246,3697,4,51.18797327237178,50.91650311801912,10.020196327194029
72,1086,21,52.009114120246274,50.18037238520646,10.06621705708007
938,14077,10,50.133537966924465,46.53972265183674,10.213000494753157
667,10012,9,51.58920334527417,55.05853078200474,9.781452565866525
17,261,23,53.65263972721663,55.78754353724145,9.883502346045365
303,4550,24,58.73240096847142,59.01700517663426,9.952249935592448
12,189,19,49.87543404653441,50.85786607604633,10.059490150225319
326,4895,9,50.812362809042064,54.565962366441894,9.787081700231806
758,11375,7,43.64503451782001,41.5071671742687,10.196515994248738
623,9350,2,48.734108103000096,50.71919889886353,9.827699509831188
937,14060,29,51.991531686163015,52.227746207273036,9.897799644411897
222,3338,26,48.00615363144626,49.76987559630583,9.945284790048625
944,14168,17,46.32218338805103,44.6022381005655,10.09690158544051
303,4553,2,54.33461830576405,55.05853078200474,9.901936008812381
983,14752,1,52.7598705251303,51.29574648188025,10.061580266904075
291,4370,19,53.34197614249366,49.17343873011821,10.153868324822655
176,2647,19,47.41510557445711,49.87368295115478,9.881610407467933
161,2421,16,47.76300365915625,45.360027049600475,10.01162324473981
490,7356,1,49.742185915008776,51.29574648188025,10.00882575925224
482,7237,25,50.433511482923116,48.072582182985514,10.1150260016358
250,3757,8,53.449424137744124,52.54520999841435,9.990539058325238
416,6245,27,50.392663849447686,49.95915137131534,9.932135690935237
291,4371,22,42.44983173436543,44.30620651600063,9.903708511924671
685,10280,26,51.1833909095233,52.615254703706356,9.948482361285413
447,6712,21,52.762053181700445,51.07060087930232,10.024622763840293
117,1760,24,55.344065988693345,52.57331906165518,10.141662149576739
209,3142,4,50.158282029482955,49.39394709625081,10.03507835205819
33,500,26,52.05210437976464,49.87368295115478,10.021208138831458
403,6052,8,48.2584227863329,45.44318014908439,10.10675890637424
991,14870,26,47.16258820514753,48.13642358525238,9.94382185568308
549,8242,28,47.04293143682188,47.48281211123265,10.00731116440727
450,6759,10,44.84770798255789,45.111004001590224,10.10688070482611
239,3594,3,57.414891863758264,58.34231011007666,9.946134430057706
644,9666,12,41.6373486358862,40.91828265496647,10.04901947614939
903,13552,7,47.30677247304918,47.33823120450411,9.909510387438832
470,7058,28,49.716725889378736,50.09397864972664,9.963849567562146
826,12398,9,49.307640324881696,52.615254703706356,9.878084328857302
322,4835,23,51.95646615808757,49.17343873011821,10.089660233288372
470,7057,1,47.03970296086899,46.20405848223946,10.084051106366955
774,11619,4,52.37955417162812,54.41340151632175,9.900013680553943
654,9815,10,52.96879141946888,54.71437378758374,9.915179909919196
195,2932,20,51.60370660447397,50.78555632468842,10.026941287437728
365,5483,22,48.06674552236046,47.33823120450411,10.0273657965639
404,6066,13,56.74995600978319,56.177924803385515,9.968510445042828
942,14135,20,48.014384064609715,47.606277649767634,10.094293436758699
111,1673,3,46.690238815386856,47.1666124068007,9.94271473988539
51,771,0,53.148322752402414,56.401363317362524,9.819158239733554
729,10942,23,48.576565942032026,51.277252642442235,9.93751587966696
295,4434,12,49.759690444197865,50.413047621624386,9.96817743944121
988,14828,3,50.92427563771187,50.18037238520646,10.06773150123143
699,10493,15,51.797103764130405,51.277252642442235,9.97897509402306
452,6788,8,48.07297147142857,46.21962588725761,10.058008839407774
930,13958,9,40.023320655543216,39.5633737603631,10.0592084328584
755,11332,16,51.47049821028268,50.30816614150962,10.153247195453115
356,5347,23,52.41113329406315,55.50853990821163,9.863557734860033
155,2332,27,43.887802003768876,45.690050209253094,9.859823076130153
857,12864,3,46.79255883925058,47.3890960617658,9.97914547093248
138,2077,14,48.569486376978446,47.97414006578026,10.138658128250766
235,3533,3,51.89543833206064,53.21314963858267,9.902237011908454
21,324,12,48.02677198276774,50.18037238520646,9.884313149689833
580,8706,22,47.36399548761523,49.692872192338264,9.911406547422416
962,14437,1,50.91957233299562,52.615254703706356,9.943915974919134
386,5795,24,46.63788320117941,49.60859939143891,9.954462369314674
121,1820,7,47.08218519889493,46.82938814676364,10.012702094941021
461,6924,0,48.910066533239856,47.33823120450411,10.141517520856063
689,10343,29,52.28328544005959,49.817624114570606,10.232735349133197
203,3052,27,48.46216072087321,46.46535826220746,10.062241917710953
699,10493,1,51.08810905226902,50.91650311801912,9.97897509402306
599,8990,23,51.20554893326666,52.40281113290192,10.009115241696662
40,605,17,49.418486632192945,50.30816614150962,9.974818599420255
362,5438,1,51.94382606583064,53.020115426946624,9.978780000586466
664,9965,26,50.88523110136363,53.92901207410457,9.890501142155571
916,13749,2,51.07217986190376,49.17343873011821,10.130568243131856
296,4449,0,51.645864507349174,54.0951177442319,9.849953346622193
25,380,13,51.504260065234305,49.17343873011821,10.149376120575385
363,5450,14,42.44932988471841,43.311579330932034,9.981301181416962
65,983,9,52.51529633198186,53.75798996468815,9.993291628593294
781,11724,25,47.80919769220721,48.22782183349775,9.980544773442064
363,5452,16,50.192016255794606,49.87368295115478,10.032888155933426
981,14721,0,50.39565222177818,49.60859939143891,10.083421595431266
401,6020,18,48.96923456198457,50.413047621624386,9.908711374871947
973,14601,16,56.23130802019464,58.54215799596886,9.891778855664642
684,10267,11,47.53370146793744,47.589755341614584,9.96196486261862
494,7419,21,56.893684062553156,57.66688491366387,9.937882168271614
570,8558,2,44.882783335642536,41.89005174187511,10.181445803379264
344,5166,23,49.840361262915316,50.63877735111685,9.871679488066253
44,669,19,53.038267772023595,52.865730828546276,10.038873172373155
21,322,22,55.69942836748109,55.36292107709943,10.054202790707858
523,7850,15,47.53703617456482,48.75014029988164,10.00465310627271
290,4356,26,49.384136950832136,48.156089834601545,10.100473066286522
700,10507,6,51.18096137576366,49.54785417444507,10.145866428748848
614,9216,19,48.406224277427256,49.39394709625081,9.962847159095173
383,5751,15,52.140810141635065,53.020115426946624,9.957475073466561
516,7746,0,43.84348663345709,43.242903477985436,10.05612247424126
515,7730,29,50.00294798269348,47.606277649767634,10.041197097620495
506,7595,29,46.78911494705941,46.75551700441181,10.020276595935574
563,8454,15,48.950722878737885,49.17343873011821,9.868182408208657
214,3218,5,50.052212361988964,49.413699407572295,9.973056897058218
345,5180,13,54.88987569369968,58.130567115586565,9.808121820377638
200,3008,4,52.59516638084079,50.51649433553813,10.15920277856578
389,5841,27,51.0868275173897,55.36292107709943,9.871271618366746
431,6472,10,45.850248607462106,46.53972265183674,9.994934192934874
697,10460,19,56.62397124172612,59.41231732638136,9.84266251278027
277,4160,29,51.22599753873115,52.865730828546276,9.909699824040784
848,12729,24,48.37205303315121,45.967519394089344,10.125613025749274
458,6875,23,50.18323631244078,52.49808894801558,9.937750827988475
349,5244,27,50.945783040306345,53.75798996468815,9.946771457040494
101,1522,15,51.18355889328392,48.65461425202893,10.188534183407572
378,5676,11,54.02233251873813,56.92440200995313,9.903189306595442
794,11919,13,45.0861475617834,41.76455422940461,10.16463653174676
108,1629,16,42.348462575828414,42.60542629590604,10.054277741699833
221,3321,23,45.953633435930314,44.77258382940327,10.058494156810898
233,3500,18,43.604928509941956,42.52805568595667,10.111136248486718
144,2165,28,49.413133215991216,47.1666124068007,10.09512633208041
931,13970,26,52.201099223443464,51.29574648188025,10.128306304254929
911,13671,6,51.70619428541058,53.92901207410457,9.965445043890075
838,12575,18,56.788665112525855,56.26043826605269,9.974134010642027
664,9968,13,52.22381682851308,49.60859939143891,10.13614587698489
569,8540,17,44.074577062581234,42.60542629590604,10.023387676687872
598,8979,18,50.539580796814505,50.09397864972664,9.914578758380948
923,13854,17,51.56651043601151,52.227746207273036,9.977834813859664
646,9699,26,47.109686213059895,47.246691527928725,9.968891673756447
488,7327,23,54.532387827706486,51.254583653980724,10.215994355064
460,6909,4,46.58717157490972,47.71293842639498,9.850372039548736
887,13310,2,48.81045229014943,50.78555632468842,9.889648086201767
500,7507,1,57.262827667121186,57.66688491366387,9.990764452600432
843,12651,12,56.72409175111161,54.41340151632175,10.10689071079902
109,1644,6,47.172067843054386,48.47430085612692,9.919448055329205
860,12906,15,47.07572950854546,51.655791888235235,9.761716295158504
543,8151,9,48.52167716858515,47.1666124068007,10.068793515336624
175,2631,3,53.87332189441042,53.58183066222561,10.096508458700985
448,6729,2,47.8445261175837,49.6470159612804,9.888484052837665
707,10610,19,46.78748345399208,46.23738672703541,10.05108249643986
965,14482,4,48.434429140063166,48.713876869456904,9.906607663781195
694,10416,6,54.35785623256272,55.96502233399644,10.013484769160204
872,13086,16,46.746409207019326,48.072582182985514,9.963120699969233
642,9639,14,43.502657035734465,40.580515524217496,10.28432520471687
319,4790,18,44.31484539539673,43.42378543929016,10.016584659202055
534,8017,13,48.82294249389582,48.47430085612692,9.993907884551264
213,3204,16,51.24259043220382,52.04794003235511,10.030790311714664
606,9096,29,51.16567028691662,50.30816614150962,10.0507407685352
133,2004,23,45.47138474144708,46.49995644266512,9.934000932433536
28,427,3,50.018691376070386,49.17343873011821,10.037781778086115
908,13629,5,47.45656192739912,48.92592188678369,10.00536004630337
799,11994,29,44.644496905160075,44.30620651600063,9.988427284760473
675,10133,2,54.128604331937474,53.21314963858267,10.015965591217448
950,14258,9,47.296636784990376,48.072582182985514,9.980589584115581
60,908,24,46.77185578432017,50.09397864972664,9.863358765011219
223,3350,7,50.51286979242886,50.30816614150962,10.05197662265934
258,3876,21,51.738303613578175,51.47807716396567,10.148225589020479
244,3668,11,48.504737091415734,46.53972265183674,10.124806199238508
784,11767,13,49.231259068768146,51.694674680648525,9.829284626777918
409,6144,1,43.019699830746234,46.585908281269475,9.844792084526471
389,5843,7,49.474575964476514,51.90468890174873,9.91183838695296
650,9757,11,45.1381443399707,45.023011170754174,10.00128721660292
393,5901,20,55.85832740417127,57.14057039470631,9.932009449255348
199,2994,16,50.30254527990768,50.78555632468842,10.019588305298756
788,11825,21,50.22273525427024,51.277252642442235,9.904129229383374
763,11453,25,50.49572220308289,48.304414442545315,10.191425016887678
726,10898,26,52.142712140628106,51.655791888235235,10.026195597168071
397,5964,13,46.544884834591485,48.94683337897269,9.916794026836314
532,7986,1,52.03668545644425,51.02386146712177,10.054674048820706
847,12713,1,46.911054209924295,47.589755341614584,9.950217126618325
103,1553,17,51.74012571481739,52.40281113290192,9.909254841212359
266,3998,24,49.247513581955815,45.967519394089344,10.171318326789669
630,9455,4,49.68256218367056,48.304414442545315,10.048670174095266
93,1402,11,46.37283489377521,44.41818508106863,10.078328807948647
320,4807,28,48.78079890204758,50.71919889886353,9.938426314171302
340,5106,29,49.703276617244256,46.93863239860943,10.209475984978129
76,1148,27,52.66529104651332,49.87368295115478,10.204506590891432
745,11182,11,49.56372970125655,51.254583653980724,9.97966393079194
736,11045,17,46.35702971168435,46.4080996632766,9.975511012403635
138,2076,29,51.679640243156896,52.18324656791131,10.017555474093413
398,5978,8,57.32684567420827,59.07956736772963,9.982927786604494
122,1838,17,55.614237217453486,54.41340151632175,10.026958496200386
342,5135,21,54.10560005690773,53.541963230332655,10.121869458876112
133,2001,17,59.366091262753564,58.54215799596886,9.978948015923056
349,5240,23,49.58733728644117,47.079589158641085,10.128431896560233
122,1835,10,52.00268702564875,54.565962366441894,9.93985003921089
563,8453,3,47.84563754898515,48.94683337897269,9.919248569608481
30,456,1,52.81488338519713,49.17343873011821,10.290243171742706
788,11829,10,48.60336208145999,51.07060087930232,9.82599029438551
93,1403,21,58.59524858996116,58.130567115586565,10.004223024044594
521,7822,2,58.403259558787994,54.89935836603868,10.255173781307487
644,9665,13,52.87171028794544,54.71437378758374,9.97390101354622
867,13014,7,57.18147608092375,56.799385066359285,10.127028590177597
636,9545,2,52.12506057679569,52.10841400775863,9.950037640818266
738,11075,23,54.280314731189335,53.21314963858267,10.07355821387562
446,6695,17,56.63030839880146,56.26043826605269,10.034319627780423
706,10599,21,50.2086793726251,52.227746207273036,9.846729160233357
92,1387,10,55.25074718408548,56.53803861335696,9.76486414918525
694,10419,29,46.35421891627627,42.928601355811686,10.118001088170313
376,5646,4,46.84817445881598,45.967519394089344,10.03751826717703
60,909,21,50.846754750058054,53.21314963858267,9.916612941896823
466,6995,9,53.27149664417178,49.413699407572295,10.134005228290798
941,14121,26,48.2285467575748,46.88075492991767,10.01786923697171
463,6950,17,47.78256746687808,47.48281211123265,10.016183536662833
150,2255,8,45.98909450512558,45.170412691067845,10.055800534040584
783,11754,13,42.01074047766553,40.580515524217496,10.103468555153025
847,12710,19,45.12594108058939,44.41818508106863,10.03920427967829
45,683,9,49.05157273611713,49.87368295115478,9.955782785009704
342,5138,22,49.76599015662467,49.940428391608386,10.042282777601232
192,2885,11,52.11611307924141,51.47807716396567,10.03502799339536
166,2495,11,49.76289327871868,49.87368295115478,10.04071725071813
871,13074,15,44.23798403458595,41.55779938671352,10.128381135975289
727,10912,13,42.38009654953136,42.16007703123512,10.014486176811438
550,8258,22,51.48183040049057,53.041862807900806,10.041099219620563
490,7355,14,48.93826571249207,53.020115426946624,9.767978240137532
82,1237,10,56.15187184991325,55.96502233399644,9.922215093712278
814,12217,26,48.14618461765374,44.30620651600063,10.19126419839971
633,9503,10,50.79930695555825,51.29574648188025,9.9438154877646
937,14062,27,48.59902014121762,48.53018974477303,9.9625291171595
591,8874,14,45.94407266561322,44.89020001409446,10.012847337600908
806,12097,22,47.39679704307276,49.17343873011821,9.797732902430457
29,440,8,48.21263438326625,48.304414442545315,9.959523475733908
364,5468,17,49.51497489095911,52.227746207273036,9.826385391026523
44,668,0,51.69314610636405,55.921265477234265,9.846728127056988
441,6623,27,54.84601041553022,55.65002294957862,9.902201789374727
366,5499,8,48.98048131598751,49.95915137131534,9.968860303615022
100,1509,13,50.96622826026283,50.51649433553813,10.044307503826557
302,4538,4,50.70328950578832,53.041862807900806,9.991083275124597
528,7928,2,50.44751269218543,48.40777620733169,10.088901176567976
99,1494,23,54.07253326681658,55.36292107709943,9.87878378662012
253,3804,17,57.87197836055722,60.77668932236024,9.874346335934343
59,893,16,54.863658274216476,55.05853078200474,9.939907278530965
813,12203,6,48.71052741763745,50.09397864972664,9.880369249900863
251,3774,8,56.49099811579281,53.69985227329865,10.251453954223638
50,759,18,46.66155681868659,50.413047621624386,9.849850250308561
900,13508,17,49.71279760252429,52.40281113290192,9.859208108965205
178,2679,21,43.92785359081844,42.542832633595886,10.16714591935137
545,8183,10,42.836579600726616,42.750178470067844,10.058719923190854
731,10970,18,46.993603025518915,45.967519394089344,10.016223744977946
173,2604,17,53.683097642475374,52.865730828546276,10.056960094376077
754,11318,5,50.87639908359589,53.041862807900806,9.889618578561102
662,9935,29,52.3847274761834,53.541963230332655,10.03677217769307
944,14168,16,50.522833209758815,50.63877735111685,10.09690158544051
762,11439,15,41.228677888772665,42.928601355811686,10.004611356714701
618,9278,24,44.13154932897419,40.642462617754994,10.176256561704646
593,8902,7,51.185136395471964,52.30612700392208,9.87249036023622
875,13132,6,42.64965553310111,46.49995644266512,9.711566448069613
752,11288,8,45.98589660926079,47.97414006578026,9.910965328975465
827,12412,28,48.174997804860865,48.22782183349775,10.010405040893415
891,13372,28,53.34336838041429,55.921265477234265,9.892113731289145
475,7131,17,56.338860372733805,56.53803861335696,10.004932884251886
570,8555,1,48.328904787852935,47.71293842639498,10.04048785305277
185,2783,0,50.633081581166635,54.41340151632175,9.796506768147712
66,995,26,49.20064213752697,50.85786607604633,9.978857490146998
272,4088,28,53.152579370125956,52.227746207273036,9.953300067415483
943,14152,4,47.85488909392691,46.81352632410966,10.007390971033269
513,7704,21,48.18033807196999,46.704952282402196,9.95328264737514
23,352,5,49.37603979274058,51.72128027697718,9.996298556140443
410,6157,28,49.79656186478655,52.49808894801558,9.906123352930406
830,12458,17,44.12015332322481,47.079589158641085,9.916011639922411
156,2348,20,49.184036944452174,49.6470159612804,9.985407149655
285,4283,29,57.364476091037965,57.90583579096705,10.07270438608723
403,6050,13,52.63126851155626,50.413047621624386,10.170434560223043
734,11015,6,44.393351025891874,43.034336779674426,10.125872225489173
933,14003,6,54.410723746032076,52.48086893209731,10.145550338006796
986,14798,2,52.34522666325341,51.29574648188025,10.019724616026348
462,6935,10,48.73546194139065,48.072582182985514,10.088551876151248
504,7569,18,57.0505484909868,54.565962366441894,10.02962175949432
259,3890,17,55.67348205162818,55.05853078200474,10.088566594503085
505,7583,16,48.749200411811465,46.704952282402196,10.055116073104958
127,1913,24,54.90362328446024,55.78754353724145,10.023793530429202
251,3773,26,46.58165857141232,50.18037238520646,9.884225377511514
358,5376,22,55.020521401359005,55.21298288905567,9.938463010692598
898,13476,14,49.489211151949654,48.47430085612692,9.954334567909518
593,8902,29,50.89879611995131,51.47807716396567,9.87249036023622
472,7087,25,48.41438025989502,50.30816614150962,9.862914690375083
762,11439,17,50.58100670865274,48.75014029988164,10.004611356714701
490,7357,13,45.33194935196022,45.690050209253094,9.88477809168101
238,3579,25,46.57814872570107,46.81352632410966,10.106834407416288
23,351,6,40.04851762898083,38.407034088687524,10.192743978251396
278,4179,22,51.78969238557582,51.6733161870415,10.035176775862782
332,4985,28,47.48731420120285,51.07060087930232,9.834383418669338
449,6740,24,46.20127418717396,46.23738672703541,10.004019824246912
551,8273,9,49.318732043025406,49.413699407572295,10.0680485508992
834,12516,18,48.15075613769624,46.190301815453424,10.114549470545855
447,6712,8,47.157173984554035,45.967519394089344,10.024622763840293
136,2045,22,50.94882528253622,49.39394709625081,10.107119327365009
620,9305,0,52.28674086412608,53.21314963858267,10.099177991681241
835,12531,1,49.05582784031274,50.021238130626976,9.959674310886456
481,7224,29,44.35220711995253,47.589755341614584,9.830447342433775
702,10536,29,54.31951082793059,54.71437378758374,9.99931613305886
786,11798,27,51.53738767343354,52.04794003235511,10.064116216359078
421,6322,2,49.30872668755151,49.17343873011821,9.957231554055543
626,9399,8,48.007899454073055,44.96096752605991,10.08827370635213
45,682,15,50.35582006648646,50.85786607604633,10.058436727110985
565,8482,9,49.84134415684407,48.96448672096862,10.024858549268428
650,9756,11,52.34574153900501,52.10841400775863,9.945336363987927
814,12217,22,50.75926941114292,48.94683337897269,10.19126419839971
673,10101,14,52.10675632094812,55.921265477234265,9.811968404095149
221,3322,12,41.732895286273994,43.6885638917904,9.810747041553515
694,10417,14,46.135426084178484,47.44388113849758,9.85790498661447
826,12397,27,55.18597616427158,53.58183066222561,10.168111736725853
601,9020,8,48.512892822070256,48.072582182985514,10.013525614125303
862,12935,28,46.44422800979615,48.22782183349775,9.981961119988762
934,14017,11,45.59195187039333,44.13601640845506,10.169222609233195
169,2544,1,56.682404414975466,57.16391530946389,9.990020062138735
657,9863,6,50.609526904076496,51.02386146712177,10.00364325879311
433,6503,3,50.93542266340282,51.108618694774066,9.988557403649818
636,9546,12,48.46639510164061,47.004342093788374,9.960538979016018
543,8154,3,42.96129681049875,42.60542629590604,10.024723163056693
788,11826,8,53.123436859248564,52.57331906165518,10.133686217221909
654,9817,18,54.237435234223184,54.71437378758374,9.949804804493995
94,1417,18,49.968028516068436,46.81352632410966,10.17772717828745
948,14228,7,57.552373666158914,53.75798996468815,10.200900622429147
309,4643,20,54.228922557672604,54.735246513879986,9.983923544318005
546,8197,2,45.18999364418088,42.834487238473216,10.083554249543333
634,9516,16,51.9742551496159,52.04794003235511,9.966484460518247
335,5031,28,52.58126548033415,56.53803861335696,9.78807380113928
408,6129,9,50.751345053281185,50.51649433553813,9.999710783312436
462,6936,9,47.73292664929429,45.72516038974348,10.109651069326324
382,5738,12,49.80774990000675,48.53018974477303,10.135290593626147
336,5048,11,47.40004279783003,45.2221147990152,10.245580224565684
651,9772,14,52.41170253587397,53.75798996468815,9.884307219141682
760,11408,14,51.37773599360794,52.68454607501718,9.934413976143224
852,12786,10,52.41484767821373,49.817624114570606,10.14013941219081
266,3999,20,49.28105774796549,49.413699407572295,9.968570792176271
62,938,23,50.57140352881693,49.692872192338264,9.958965733904515
690,10356,8,50.51232502131732,50.30816614150962,10.043291790626222
259,3894,2,47.07755442892096,46.704952282402196,10.105658577962659
141,2124,21,49.51429613321438,49.39394709625081,9.981369375312385
961,14424,20,45.21956325673711,47.48281211123265,9.990810010205221
208,3127,19,50.66149627431067,51.86319834503887,10.008520298021185
837,12561,0,56.18069853798745,59.761886331049205,9.83537526494698
825,12383,3,53.992540919113665,56.401363317362524,9.88221621629181
814,12215,1,58.37598309532852,55.78754353724145,10.118197042660777
85,1282,3,44.89558928889133,43.846284187064576,10.058238222781707
790,11856,3,49.30696520997253,51.90468890174873,9.903763054258997
794,11919,15,53.58654344675839,49.817624114570606,10.16463653174676
597,8960,13,53.74688238923104,54.0951177442319,9.929476918134567
681,10224,0,50.58036597608488,55.399723372201706,9.710994395556119
372,5586,21,57.68692909117577,56.799385066359285,9.97104698153491
76,1148,7,44.25642088393858,42.39657653965829,10.204506590891432
343,5150,6,48.65496323375487,50.18037238520646,9.854780383145801
175,2631,16,44.39945172426393,42.34024805738322,10.096508458700985
734,11016,27,54.93790147170951,52.49808894801558,10.231245226450131
619,9293,20,49.27385000093284,48.92592188678369,10.04880836131458
914,13719,4,48.80925622096622,50.09397864972664,9.908938594639803
154,2316,27,39.4628000647364,42.60542629590604,9.813083874956375
7,111,3,48.250219074633094,47.246691527928725,10.022662522460157
263,3954,18,49.57167979361489,51.694674680648525,9.99512852476646
614,9216,15,42.10051755282059,41.85358332975461,9.962847159095173
543,8151,0,52.72344178553332,51.86319834503887,10.068793515336624
288,4329,12,49.313529960504404,49.817624114570606,9.999104436301623
677,10164,1,47.11588657039232,45.042026943206366,10.116053063691899
268,4027,25,50.676519086362404,50.85786607604633,10.060443672652271
632,9489,20,52.71544785125619,51.29574648188025,9.987729172516659
543,8151,27,51.21055642621437,49.413699407572295,10.068793515336624
65,981,17,44.367561213672275,44.00176731975243,10.038378072846958
44,665,21,50.375298452536455,50.09397864972664,10.124932480522888
353,5304,0,50.11219767324417,48.47430085612692,10.168867053240275
798,11978,1,49.84824795293245,46.93863239860943,10.156739751204023
708,10625,22,46.86780745491093,48.36952934878439,9.985089008057026
317,4764,17,52.696890954061985,51.694674680648525,10.038288903102215
345,5183,2,53.48336884353292,51.86319834503887,10.174403584023196
653,9802,24,45.99758593979219,45.72516038974348,10.029122633328422
697,10463,5,49.99287752581636,53.21314963858267,9.758964366753148
942,14137,21,47.10336321897502,45.967519394089344,10.080792312737078
614,9216,8,46.47839873268882,48.22782183349775,9.962847159095173
469,7043,17,50.56052958846656,47.834448398042156,10.156626380963909
289,4341,13,42.07465539910162,44.25310279830366,9.724296546715744
377,5662,29,49.47992018917792,48.0254676007305,10.162489203500227
515,7733,27,45.720156847943905,47.1666124068007,9.874625869771075
405,6082,27,47.817990337555585,47.937293569644574,10.076060455740208
373,5603,7,45.40402309162078,46.2578397140851,9.912987643064648
942,14137,4,57.46245352843642,56.53803861335696,10.080792312737078
298,4478,13,51.6961909674397,51.86319834503887,9.888144425516403
774,11618,29,45.731379690642946,48.713876869456904,9.855403165113833
420,6306,21,49.92727046265135,53.041862807900806,9.851898509806302
489,7344,3,44.677316040562744,43.034336779674426,9.96873936608901
869,13040,11,44.06004024036407,45.967519394089344,9.912686326859994
952,14285,0,47.62469554362387,47.004342093788374,10.022571177032932
22,337,8,51.14060846328578,49.60859939143891,10.123373307586931
451,6773,20,42.63265587142192,44.69307766148222,9.890646404801434
629,9444,1,49.696212266141075,48.713876869456904,10.05622741380909
863,12953,12,53.179660859266384,49.39394709625081,10.128565324720395
137,2062,14,50.45271130090181,50.71919889886353,9.955889271332167
302,4537,19,53.75405556762538,52.865730828546276,10.126918813687741
968,14526,3,56.536798459928335,55.50853990821163,10.01998923597531
39,594,24,51.53694022984871,50.85786607604633,10.135190357645536
991,14872,4,49.165934561051024,52.40281113290192,9.846512475925325
144,2166,18,43.132514270917184,44.89020001409446,9.944252327603218
931,13973,17,46.321144692605856,45.170412691067845,10.03827619555493
611,9170,17,46.92934678989603,47.97414006578026,9.928559127261341
363,5450,16,51.049301579398225,50.71919889886353,9.981301181416962
320,4807,21,48.752831369958294,52.10841400775863,9.938426314171302
95,1430,12,45.67457137169581,47.246691527928725,9.966861632001654
160,2406,24,52.11398205927942,52.68454607501718,9.980216864251947
465,6984,29,41.92894951555545,45.967519394089344,9.825815128877217
832,12486,28,55.88456896814776,53.85362204018769,10.128429303411904
567,8514,17,48.94198672765435,50.09397864972664,9.913331936993083
943,14153,22,56.62684262082522,58.90996105792496,9.8043732435793
964,14469,29,58.90693705939694,57.39035661270814,10.167554753818102
95,1431,0,52.018725001106176,51.47807716396567,9.992047963716306
726,10896,10,42.26326609592569,43.311579330932034,9.899334577046206
774,11616,5,54.82231000658439,57.04586228626876,9.934527563890606
437,6562,7,56.51151473268767,56.53803861335696,9.979122663659428
448,6727,0,50.87991217917065,49.413699407572295,10.016860167959774
843,12650,19,45.87521136796765,43.50551148832986,10.024173508177725
287,4310,25,51.97793878102306,49.76987559630583,10.031726136075235
811,12174,0,48.82218130597917,44.77258382940327,10.237591339512932
662,9936,0,48.052832705297824,48.47430085612692,10.040909135949441
268,4027,12,52.999592012498184,52.40281113290192,10.060443672652271
885,13284,7,56.11458141923086,53.69985227329865,10.055877610670883
361,5423,0,50.04479489404254,47.71293842639498,10.118038309854882
467,7011,2,51.03117951385567,55.075921347505435,9.738693118116451
359,5392,2,50.746266324268866,51.02386146712177,9.94988239265269
231,3472,29,50.37438164413831,46.49995644266512,10.093229621204905
144,2169,5,47.78997526005466,47.1666124068007,9.998950923572695
115,1732,18,54.85979148911061,53.37978777337861,10.025511126565085
557,8360,5,48.66098629186125,51.07060087930232,9.829613489881812
691,10370,12,46.08684326082206,46.46535826220746,9.982600577211246
494,7419,5,51.605361836227125,53.37978777337861,9.937882168271614
270,4057,12,51.49521396946024,53.40030005230382,9.919867390917334
595,8930,12,54.1822922783298,57.41232281173469,9.899741545782739
36,549,29,56.7681091842347,59.592309076935734,9.871893773099744
451,6772,26,46.85892577097011,45.967519394089344,10.13880966112912
66,999,12,47.72598553870071,48.6708180532675,10.056445146266801
260,3907,26,42.150545178972656,39.9798269260576,10.117049587631874
200,3006,16,47.61849289602704,47.246691527928725,10.012030689786918
597,8961,17,49.80314826787883,50.63877735111685,9.920455148249967
699,10498,1,52.84534335604526,54.391258244136985,9.987873633362456
152,2291,12,51.791527205138166,55.96502233399644,9.840784775096378
642,9640,27,46.665547659222845,45.40465809958241,10.09681114997117
772,11593,0,49.9738597532096,49.39394709625081,10.018013593993711
157,2366,8,46.38329481748075,50.021238130626976,9.864760854152323
323,4857,25,51.6045914601015,53.34982718225005,9.976823511777763
223,3356,19,48.225194023531266,47.97414006578026,9.977837404455986
791,11877,3,54.19687987110923,52.68454607501718,10.022723433806869
879,13195,19,54.417233431700424,53.40030005230382,10.004191846931633
730,10964,24,55.98893595674839,61.243687095965115,9.786695004243045
282,4240,1,42.62588170066023,42.45884812316311,10.059830992537377
547,8216,8,49.433451593402154,51.47807716396567,9.944295715420141
441,6628,10,55.01454292489431,54.024517976506935,10.09147346021773
692,10391,10,46.91638852964897,46.53972265183674,10.131624315655763
794,11921,13,53.968755427390015,54.89935836603868,10.020261134641343
825,12385,5,49.085180138952424,47.44388113849758,10.076642410703982
724,10870,19,51.77703636474405,51.07060087930232,10.020070402699911
567,8516,9,51.01080064258802,48.53018974477303,10.228257286586768
766,11503,8,58.52977315596145,59.41231732638136,9.97927313157598
886,13301,1,49.51097751101231,49.6470159612804,9.949082739298737
841,12629,5,52.38704071502584,52.227746207273036,9.99357721175662
251,3778,8,43.56141063875008,43.034336779674426,9.924102497238719
770,11564,16,49.52170304825436,49.17343873011821,10.02726057012948
112,1691,18,51.87557921253199,52.865730828546276,9.917782761196797
681,10228,25,53.6688094262499,53.21314963858267,9.99077226580673
558,8381,12,50.44798606604176,47.97414006578026,10.081108517440091
643,9659,28,54.73710331184595,54.858802328501646,9.956993238244065
868,13030,16,46.92573167929147,45.111004001590224,10.049214268400805
539,8095,11,49.81838839266662,51.8290628491984,9.928261267112386
997,14968,15,48.32990405279389,50.143939396030426,9.88175348213682
221,3329,5,43.76100010691154,43.13296394557682,9.92895050870083
240,3613,25,56.020077653482105,54.89935836603868,10.06397457647227
493,7406,9,54.67564982509222,55.36292107709943,9.892730319500954
386,5802,3,55.32603238211144,58.90996105792496,9.877707436814148
245,3688,11,52.140803812489274,52.49808894801558,9.950385134037425
6,104,21,45.207330201595425,46.21962588725761,9.848032931728087
387,5816,17,45.191663125413015,43.13296394557682,10.118864143435452
927,13917,0,44.62958492909543,43.969217622648124,10.062196222676828
368,5533,11,47.00853839447305,46.81352632410966,10.035009486992966
717,10768,0,47.71171247440801,47.834448398042156,10.103052311096013
295,4436,5,51.97704475118595,51.8290628491984,10.033582963709724
390,5861,5,49.19569561933979,49.413699407572295,9.938602747415322
235,3535,11,53.93068655962713,55.36292107709943,9.937520423899649
428,6431,7,46.97234247938154,45.690050209253094,9.981648757780638
571,8577,1,49.00987696836238,49.87368295115478,9.953995353563254
499,7499,3,42.18970471125646,42.11220412472228,10.050337846785245
120,1813,4,46.30378817117982,45.66838246528474,9.963963179381912
308,4633,4,55.98271789573179,54.9994057689171,10.106353627363859
918,13781,23,46.81561982828826,49.17343873011821,9.797426505929948
939,14095,24,46.173916497280395,46.49995644266512,9.965445532095876
600,9013,10,51.15235222224195,52.68454607501718,9.960049753773244
397,5968,12,50.78802862306257,53.40030005230382,9.87964479888538
915,13738,7,55.38102683088301,55.31343098371571,10.019847685119014
558,8383,16,45.35818872987979,46.23738672703541,9.990553734579683
297,4469,28,52.73053169401417,51.6733161870415,10.094767175295251
649,9749,12,49.93385948619431,50.51649433553813,9.91404075116589
28,434,8,46.51340264625552,47.44388113849758,10.078911871031144
679,10196,0,46.30594811759282,44.41818508106863,9.991227809046594
174,2623,0,42.579144646297046,42.52805568595667,10.017214593484693
63,955,22,44.53882734681011,44.30620651600063,9.992616271500868
232,3494,9,46.327644348810466,48.072582182985514,10.0068097682489
36,552,17,57.91555740318923,63.915929316943085,9.836959337326137
179,2695,26,51.02488791748954,52.10841400775863,9.993251990551137
108,1634,3,49.99211996699727,49.940428391608386,10.070993481122102
570,8562,6,47.43159820534507,44.69307766148222,10.09529123458194
317,4767,6,46.56377459623983,45.967519394089344,9.950346701690211
98,1482,13,57.59866622311948,56.92440200995313,10.067472696617644
486,7301,7,50.84732013573718,53.020115426946624,9.902285139542167
352,5290,9,49.13154094735773,47.71293842639498,10.123516499433533
838,12583,16,50.31089271105654,49.575947835186824,10.004986809738915
110,1663,12,44.18134617104455,44.104202846675214,10.050976583305076
490,7361,7,51.04239300391763,49.940428391608386,10.064750072722413
390,5864,3,46.8159000601285,48.304414442545315,9.933714646507037
598,8982,21,45.26657280179828,42.60542629590604,10.152453511178132
894,13424,17,50.39840424951722,52.40281113290192,9.929343119790467
311,4676,10,48.69687960493553,47.97414006578026,10.15953227952564
796,11954,25,45.26822696731322,43.13296394557682,10.13177298833916
712,10690,13,47.04718616763631,48.53018974477303,9.912785210745515
324,4872,13,51.24420093769713,48.96448672096862,10.149754611908774
102,1544,2,48.16431028136073,48.072582182985514,10.01561401876724
754,11321,27,52.19050804792476,51.99805383124755,10.075443753247983
788,11834,19,52.80616539931516,55.65002294957862,9.774460738983885
390,5862,11,49.885479325887815,54.024517976506935,9.831263323962608
901,13528,20,51.57176534380287,53.75798996468815,9.865325997444435
188,2834,29,49.41715583354533,46.46535826220746,10.058465559403771
580,8710,27,44.59140210205816,42.67421868246375,10.178887355887378
346,5202,17,49.497921292323724,48.156089834601545,10.101595232889736
602,9044,15,51.32666865696331,49.17343873011821,10.049223305586663
883,13257,15,52.108009982230385,50.413047621624386,10.136601485851834
132,1993,18,55.39297749837292,56.42114401509585,9.935010198969751
733,11007,13,53.42412457627617,54.89935836603868,9.966100266755786
386,5803,4,48.53445095901922,45.708791000737904,10.183733852598275
795,11936,21,48.47009722520369,49.17343873011821,10.009535320530084
916,13750,16,43.65702138426094,43.969217622648124,10.01806015564367
217,3266,11,46.92809600552556,48.072582182985514,9.947136865854514
240,3610,23,43.16947509356895,42.834487238473216,9.968032209528266
159,2395,20,42.61554587012874,41.216230149137225,10.185621082744795
131,1978,20,40.76076105585531,41.85358332975461,9.981973227252913
601,9025,13,54.94657256486547,54.735246513879986,10.019125469408921
318,4782,11,50.523398077353434,50.09397864972664,10.002677624771632
680,10212,20,46.837839897379155,44.41818508106863,10.110430505562418
520,7810,16,54.324189078288754,57.04586228626876,9.905541319512647
878,13180,0,44.968549820413664,45.690050209253094,10.074058490345012
645,9687,4,49.66753790011175,49.6470159612804,9.904316662784778
532,7993,28,50.82996114281424,49.17343873011821,10.024926162950186
625,9385,15,55.051755340521694,57.07993307709861,9.92881087413103
754,11322,14,54.17680303778201,54.25651530403526,10.000274353234838
2,42,29,44.72687836017255,46.75551700441181,9.81770681310296
274,4122,2,51.46301384646904,51.254583653980724,9.931943005151219
880,13211,17,46.37014471184184,44.89020001409446,10.111389069842486
883,13256,1,45.28011936780809,47.004342093788374,9.94453247385618
951,14277,21,43.79331333807118,45.967519394089344,9.808706651519659
980,14713,3,52.36496864516775,51.694674680648525,10.07789443734612
503,7556,23,59.41264153178975,54.41340151632175,10.14652583753326
320,4810,8,47.371239409751674,48.22782183349775,9.963215031089335
502,7544,10,39.86358304851066,41.97712613303809,10.007452427586394
690,10360,7,48.21358365249091,46.49995644266512,10.067813482862329
618,9283,7,51.03601240270543,49.72871701340904,10.012911087176489
806,12104,17,50.94793308553069,52.227746207273036,9.926446461198143
150,2260,11,47.25456944763265,46.53972265183674,10.16987692840588
304,4574,10,51.35607573761104,46.2578397140851,10.19891819970303
511,7678,10,51.74301981754078,47.48281211123265,10.222317713708389
104,1572,9,51.6542833588639,50.021238130626976,10.08751176238975
830,12460,5,45.135601633658574,50.09397864972664,9.707587548405773
476,7154,13,44.77467593047447,44.13601640845506,9.968273568464909
195,2939,1,55.25806619710253,56.799385066359285,9.965019560120865
345,5188,8,53.49205704779784,52.10841400775863,10.021128820420723
244,3672,26,46.855954490617975,45.967519394089344,10.05232381936494
975,14637,3,51.067604648465654,50.30816614150962,10.002189414058801
237,3565,24,52.18884160032467,54.0951177442319,9.88734840652819
522,7841,28,52.55479852038927,53.363327771097616,9.944431070058059
452,6791,18,48.427589867383816,46.53972265183674,10.152057056094696
845,12687,25,49.43838009484482,48.94683337897269,10.031866316064217
876,13152,5,47.72103244465348,47.1666124068007,10.052233699536869
768,11530,18,55.2314028161868,56.177924803385515,10.026455771458142
875,13137,16,49.34752624002061,51.47807716396567,9.883951071235872
716,10753,18,46.37652249225526,46.704952282402196,9.962538914749546
228,3433,11,46.33402264681518,48.713876869456904,9.923749439979511
131,1979,18,48.17492801745528,46.81352632410966,10.026556041015974
389,5847,5,56.35536591410062,57.90583579096705,9.936586881445782
496,7451,19,54.53303518297978,57.278702253746665,9.886635116196723
647,9717,8,50.6466098913132,53.21314963858267,9.793871109180706
29,446,5,41.362175557621015,39.80161102138438,10.110595391660071
144,2174,16,48.86488466734615,51.277252642442235,9.81916796702243
600,9013,16,57.50045549922169,58.184675613929635,9.960049753773244
297,4468,15,50.878001461899395,50.71919889886353,9.874552180648584
914,13720,27,48.35224361164128,48.13642358525238,9.992202068928034
744,11174,3,54.24489647891071,54.71437378758374,9.905697661541751
711,10676,26,56.229551733502966,56.799385066359285,9.943699418703687
947,14218,10,51.01574215891943,52.49808894801558,9.85688190168492
43,658,8,46.78428534928266,50.51649433553813,9.772741584935027
508,7631,5,52.160312928317374,50.30816614150962,10.149101204348757
207,3119,10,46.82284966075704,46.81352632410966,10.003311518505045
469,7045,6,50.28024729050379,49.37719581431253,10.037792318650403
585,8787,12,49.289876068781986,49.17343873011821,10.020927422890841
193,2908,24,56.219974597924654,55.50853990821163,10.132327154504523
193,2905,25,47.686559490910255,48.713876869456904,9.980855705205514
913,13708,25,53.132593103510324,53.21314963858267,9.949265697912422
735,11037,12,53.84463642410169,52.68454607501718,9.911379138287401
39,595,24,49.18691509911142,49.39394709625081,10.004264319436587
526,7900,7,48.62480835150997,51.07060087930232,9.922743743705526
875,13139,20,51.46873510367424,53.632699485409155,9.802183676028896
172,2590,29,52.62787148909864,48.92592188678369,10.183995016330341
691,10379,28,50.6402030696986,51.6733161870415,9.90779659050205
608,9130,1,40.86525665919693,37.8760688366825,10.317860612414652
441,6625,0,47.5366191168591,44.44745892793976,10.157009847136468
929,13947,0,50.699829510191464,47.90955743133372,10.122546918619436
80,1214,26,52.46280881062461,58.90996105792496,9.690243822384476
84,1271,28,53.27691066881329,50.413047621624386,10.093188409443215
881,13229,12,51.78914200917556,52.227746207273036,9.953909065039186
770,11564,25,49.907875673351896,50.85786607604633,10.02726057012948
96,1453,9,48.21534495015434,48.6708180532675,9.968146773068609
165,2488,29,49.7935470819655,49.413699407572295,10.079324612837944
470,7063,19,49.08428965487113,48.47430085612692,10.148404457931996
398,5981,3,47.19107530142175,45.72516038974348,10.11084782245406
66,1002,2,45.030137731063284,46.20405848223946,9.863292816770985
913,13706,14,50.31629905683361,51.47807716396567,9.989791696365005
303,4555,1,51.48886764503971,53.75798996468815,9.886937173532951
453,6808,4,46.666925751239546,43.846284187064576,10.158428148372797
988,14831,11,51.54455747178836,50.91650311801912,9.991023020992161
216,3250,23,53.23133672066843,53.020115426946624,10.149531977082896
416,6251,2,52.03779329539533,54.735246513879986,9.825070116842248
863,12955,20,50.81792105316007,50.18037238520646,9.933349190762797
743,11157,6,47.76739574094515,47.33823120450411,10.008088006279367
767,11515,7,44.21772089618992,44.13601640845506,9.902637587423362
679,10195,28,41.424116410600256,38.61389379307382,10.11784947976444
464,6973,1,38.081658733881056,38.039798014735254,10.024715345320711
4,70,26,42.1657738627933,38.54840953265561,10.198968803304915
173,2609,18,50.680025728847646,50.30816614150962,10.034435697318454
300,4510,23,51.52665231656034,47.97414006578026,10.034629363028566
442,6640,24,42.623599766511354,41.539071221431236,10.143116884626238
454,6820,13,50.24482716579939,50.91650311801912,9.99793498674721
238,3580,22,45.20108476906812,45.44318014908439,9.983661695181453
996,14951,4,47.761047387048656,44.69307766148222,10.153333833799769
682,10242,7,51.1448672970064,52.865730828546276,9.883618427076849
49,747,6,47.011303878262815,45.44318014908439,10.033595657444364
123,1857,15,46.295479225220134,50.413047621624386,9.823442896803899
218,3281,21,51.676853775217175,53.21314963858267,9.993208761971808
680,10210,22,53.11534218430469,50.51649433553813,10.058695674800342
704,10571,0,50.07967253977831,53.21314963858267,9.819337746785367
151,2278,5,54.95406720889701,52.615254703706356,10.19756621226749
675,10139,9,47.06528219905809,47.834448398042156,9.898168395894295
161,2427,13,49.778160240957426,52.10841400775863,9.88652346636128
786,11801,12,36.337581841911266,34.674670604858946,10.149276191374918
596,8954,7,52.81006067930818,50.30816614150962,10.234127271142384
85,1289,1,45.006098947116236,41.52229001860908,10.256414474938353
11,176,16,44.530865640802155,44.77258382940327,9.980903173302199
894,13424,4,46.05933280826693,47.937293569644574,9.929343119790467
633,9507,0,45.471151076122524,47.079589158641085,9.950084262233355
567,8515,13,43.88818066724996,42.11220412472228,10.124750365593945
293,4406,29,45.10914559486871,42.34024805738322,10.116803100573355
918,13783,0,40.42255316249043,40.34549381915751,9.996460471816777
291,4379,10,47.325945449081736,43.242903477985436,10.194257488887565
492,7392,29,55.018811861074546,56.76299075836798,9.971375015725078
478,7184,23,50.02458510869508,49.39394709625081,10.08434032646476
495,7436,9,49.78586849072378,48.713876869456904,10.087801071841632
363,5458,2,49.54051465489222,48.304414442545315,9.960335819305525
518,7782,24,51.473895435371716,52.227746207273036,9.979523946999361
533,8009,6,48.86925484706903,50.18037238520646,9.878417802623284
993,14909,24,50.77904717011416,49.17343873011821,10.051745243388902
989,14845,17,56.115050522480644,58.130567115586565,9.93548334999092
279,4195,9,55.37840825225223,55.05853078200474,10.049195601253373
248,3734,27,45.540653727308964,45.476767124923974,9.942337154177725
843,12658,7,42.6271950403194,39.80161102138438,10.131033049886575
123,1856,16,55.86277358593352,57.16391530946389,10.010417697018113
314,4721,12,54.40984244413081,58.237990829565106,9.783228450449828
88,1330,29,53.7256644422032,52.865730828546276,10.073902713548415
245,3688,5,52.022442048070666,52.82091670477118,9.950385134037425
854,12820,15,45.706076969175996,49.87368295115478,9.742535505906785
446,6702,2,51.72533066931203,52.865730828546276,10.015103917248693
195,2938,18,47.826755421045576,45.967519394089344,10.146881060672591
278,4184,22,46.18204223130354,47.71293842639498,9.96417824780146
781,11728,28,52.02960726347905,51.6733161870415,9.985255312689464
268,4034,19,54.913768954801284,55.21298288905567,10.066762458780847
773,11606,26,51.51019517737226,52.30612700392208,9.999657519613555
607,9118,1,52.39023130781552,52.04794003235511,9.95692474115901
129,1949,12,44.60387587157617,41.216230149137225,10.271609548173997
823,12358,0,45.51176677697033,42.21335429161499,10.123433273277568
649,9747,8,48.31270498996436,51.07060087930232,9.87741346753146
775,11638,3,48.30818156474291,47.48281211123265,10.045940425316653
651,9775,6,41.218968716352734,39.578694545178244,10.248512202744775
510,7664,1,52.83815122657744,52.57331906165518,9.995272894574173
936,14051,13,56.51053380964404,53.21314963858267,10.142942299189468
711,10676,9,54.08323929132397,56.26043826605269,9.943699418703687
678,10180,19,56.89595144862628,59.2209220890752,9.946634758936462
17,265,19,46.894015206944175,43.36621966847794,10.207040093871775
324,4874,15,47.07908944602522,47.589755341614584,9.91914394135131
930,13960,23,48.414389751494475,52.49808894801558,9.842756679166
299,4496,17,43.460121147756915,45.708791000737904,9.87588543909285
842,12644,24,52.446557323232135,54.024517976506935,9.81640563508841
457,6867,19,48.4573661135572,45.2221147990152,10.152768738896414
166,2503,6,51.930729053112394,53.05920619614755,10.000558069594835
445,6686,10,47.55429569635899,46.4080996632766,10.112505500340582
594,8924,15,46.20609637348911,46.704952282402196,9.925074609192205
798,11980,20,44.2651391414959,42.834487238473216,9.999359116682266
106,1600,28,48.48625550580879,48.304414442545315,10.027193782769489
513,7705,7,48.18674176474638,47.004342093788374,10.15182180754925
103,1556,15,46.3681787318528,45.690050209253094,10.056561072529231
495,7439,0,40.85678617369854,39.911329236350944,10.072077120884789
126,1902,20,48.00822286783397,48.36952934878439,9.964638672388752
558,8384,7,46.07521375989839,47.004342093788374,9.907933354192515
993,14908,3,51.407823700879746,55.48456213752443,9.798765626884972
732,10990,8,52.50507848250978,50.85786607604633,10.168444301386716
316,4751,4,53.54004989853158,51.277252642442235,10.013475384206473
533,8007,9,53.76242580462755,57.66688491366387,9.819179868410824
718,10784,2,54.90951979190463,55.78754353724145,9.934425309151118
775,11637,21,51.4408165046423,52.57331906165518,9.86765802004828
554,8321,18,48.310841849270986,50.413047621624386,9.933824829690412
827,12419,19,50.04653378990908,49.87368295115478,10.055562161097965
883,13255,26,53.059671178952996,53.21314963858267,10.080477805050782
193,2906,26,50.62611359465545,48.75014029988164,10.100286697102932
391,5875,14,53.176404578668496,49.17343873011821,10.20870182366605
777,11665,29,42.258356779125506,41.216230149137225,10.099537181470218
595,8936,1,51.07216455379281,52.32381193344797,10.01450300159166
591,8877,15,54.238328950889404,52.227746207273036,10.086471641281827
743,11159,11,49.75529026982023,47.589755341614584,10.151910481525553
143,2159,27,54.20340932346281,53.75798996468815,10.06128465598828
801,12028,4,44.25748916063756,40.250264526121605,10.27722014289973
967,14515,18,51.133682010410176,47.589755341614584,10.195581270732331
277,4165,17,46.49181810835593,45.40465809958241,10.058750586939622
61,926,28,51.85040324100483,56.177924803385515,9.803052587153982
723,10858,24,54.246621491839875,55.05853078200474,10.012989234689881
901,13528,2,51.56026758475947,54.25651530403526,9.865325997444435
586,8804,27,52.29763542342434,53.58183066222561,9.92880700125461
247,3716,16,44.81352202924523,43.210226222331904,10.160457133950347
718,10781,21,49.141410074687926,50.85786607604633,9.888465278726011
750,11264,1,51.87521763640269,51.254583653980724,10.041420454919475
996,14954,26,45.58057516044294,44.13601640845506,10.136878284802007
970,14562,2,55.940616373663445,56.799385066359285,9.952428471224481
246,3704,20,52.40971061780622,54.210870453397256,9.992866407591743
405,6086,2,45.80363949796735,47.71293842639498,9.939107773816183
279,4199,7,54.82671102700961,57.54164921492615,9.948912266836984
393,5908,28,55.658256211474004,55.48456213752443,9.92798037760201
869,13045,21,51.59634773696693,49.60859939143891,10.083853764676103
84,1274,27,57.903631572735335,52.40281113290192,10.279986976556971
8,130,19,47.43721204584642,47.97414006578026,10.077322375869713
428,6432,0,49.18703579847573,48.072582182985514,10.02011435150449
785,11789,4,48.599274681383804,47.48281211123265,10.015100716925843
622,9343,24,51.2435263607019,49.17343873011821,9.972312724731722
552,8293,18,47.16483702344875,44.69307766148222,10.22371758767387
719,10798,29,59.92537068711347,62.065198587062426,9.92450985649641
688,10333,4,49.55242249605315,48.22782183349775,10.022117526898501
481,7226,3,54.13442585313916,54.565962366441894,10.061794391138907
878,13181,0,48.959631774984366,47.33823120450411,10.151833201815668
675,10135,0,44.05057081889174,43.13296394557682,10.092499854612427
880,13211,27,53.128550849183384,51.655791888235235,10.111389069842486
94,1424,4,56.745109549476595,55.96502233399644,10.092448330934918
940,14112,25,53.44264234931483,54.41340151632175,9.982791033990889
7,115,16,47.492016354113524,50.85786607604633,9.913300963880847
641,9628,24,54.189379502658,51.47807716396567,10.282158170167898
366,5500,27,53.53166621911589,51.277252642442235,10.05831486189186
448,6732,13,47.751272252445084,49.6470159612804,9.932047806590667
997,14968,14,42.55467963544492,43.42378543929016,9.88175348213682
408,6134,1,51.97786687676032,55.50853990821163,9.784033106033824
798,11981,6,40.801591323395705,42.52805568595667,9.87320208526606
562,8442,7,54.829222566191014,56.76299075836798,9.89165307237149
889,13346,15,53.77472552919063,51.86319834503887,10.132645966096629
868,13033,16,49.718933741784745,52.57331906165518,9.853868366890637
659,9898,28,50.94323245636696,47.97414006578026,10.100170852293704
212,3191,8,46.60698050739943,45.708791000737904,9.99861083693672
713,10709,5,56.007305322634195,56.177924803385515,10.011261512880548
690,10361,25,47.62945971421681,49.39394709625081,9.904600680433733
594,8922,22,50.97194999827527,48.94683337897269,10.1398055966075
521,7828,0,47.57885608258806,48.713876869456904,9.914558572681125
596,8951,15,53.29644573961025,53.40030005230382,9.990829862991339
613,9208,15,53.49229274628347,51.655791888235235,10.012853854162042
691,10378,1,51.60928947616018,54.89935836603868,9.897775341843921
424,6374,11,47.37610902050804,47.97414006578026,10.051746292496436
907,13618,27,57.51415484440846,56.11506252857393,10.095466903494858
524,7874,16,47.74695983963855,45.967519394089344,10.152619787689256
626,9401,26,52.29279741922052,52.90135463518442,9.998028294297841
374,5621,22,55.076502228174974,57.41232281173469,9.788514188646637
196,2951,3,43.193078809492064,43.13296394557682,9.975758488204141
922,13841,7,50.40906641124493,48.713876869456904,10.207969207943004
46,700,0,44.34643969020627,45.2221147990152,9.936018087755699
774,11623,14,55.50105372021686,52.10841400775863,10.170630183776266
125,1886,13,51.28652370953564,51.47807716396567,10.005391049630635
144,2171,12,53.76320848468092,53.40030005230382,10.028045950428638
855,12836,27,49.79030523486932,49.35032143401649,10.113229171848293
726,10901,4,42.94168527697991,41.216230149137225,10.135507105325457
318,4781,29,42.83450911254153,40.45766843662363,10.111113225287566
20,313,28,55.327958733194976,59.761886331049205,9.706565795196541
91,1378,21,49.34240798890318,54.00343112351445,9.773486037412711
447,6719,0,50.8387759958608,51.6733161870415,9.885668805428269
739,11098,15,49.97127436434169,48.713876869456904,10.12786115151446
649,9745,14,49.81216988553711,54.735246513879986,9.78010159386575
373,5607,18,53.972536841036444,52.865730828546276,9.954769769263523
175,2639,1,54.69970549186225,52.10841400775863,10.088538465417537
107,1617,27,46.3777481568099,48.94683337897269,9.85085020611727
497,7469,18,49.59964412708416,54.210870453397256,9.768462450831786
574,8624,19,51.03135371127834,50.91650311801912,10.004504165153525
112,1692,17,52.18444718211801,50.18037238520646,9.962645841703061
862,12944,0,56.68370925547836,58.34231011007666,9.941191924407564
560,8413,5,44.27862805945182,47.56717598630167,9.789524709237886
896,13454,26,52.504690501381354,52.865730828546276,10.08947097064539
665,9985,9,48.53667370884403,46.49995644266512,10.118855524291837
147,2216,27,46.682681260923935,44.89020001409446,10.187350432245475
516,7753,0,52.82335603261183,48.96448672096862,10.110126379921084
876,13152,23,56.0508107884692,55.921265477234265,10.052233699536869
217,3268,1,51.24689589305962,48.75014029988164,10.120392645934345
14,222,8,49.6065284401801,51.07060087930232,9.884135248983737
673,10107,7,48.732538118786465,50.91650311801912,9.88041574116245
975,14636,2,47.00777589232484,45.72516038974348,10.099105304286697
498,7481,17,53.69654300795062,54.0951177442319,9.9692505922701
375,5638,27,40.00726496169934,40.250264526121605,10.023064022139852
976,14652,15,49.92335142811435,54.024517976506935,9.80845001733036
463,6956,11,51.60072118765776,54.735246513879986,9.907565416324731
636,9553,13,58.6323421080168,59.2209220890752,9.967606329067715
84,1273,2,50.15476579575695,52.10841400775863,9.8791070993567
17,266,14,53.83143210148757,53.92901207410457,10.162216193328781
473,7107,21,48.66347980625907,53.75798996468815,9.695077383514317
686,10300,16,52.34090873772379,53.020115426946624,10.003396030282902
210,3162,4,45.19889992185366,44.30620651600063,10.105198117968472
426,6401,17,49.15208911417103,47.589755341614584,10.107567530239251
735,11036,1,51.431145284995665,49.39394709625081,10.140671802819305
202,3044,9,44.71688403337917,44.00176731975243,10.015913488803665
423,6359,16,48.76241920876548,48.92592188678369,10.009307507472816
132,1991,11,55.275648093800505,55.36292107709943,10.004989035984053
565,8489,13,48.2784763213587,45.967519394089344,10.042949378463806
589,8846,3,48.31672027841027,48.78109932116275,9.885296418221907
200,3011,11,52.2329744277032,50.413047621624386,10.177270610885124
664,9973,18,60.71826470587747,62.56277932683229,9.969964498580753
20,311,12,49.23103793828882,48.53018974477303,9.994209531878862
5,86,5,49.985748851118096,49.17343873011821,10.067996497389128
989,14846,16,45.45525090772671,46.21962588725761,10.064601226673519
282,4242,4,52.08343760902579,53.92901207410457,9.932739731552298
348,5231,4,47.839334962974014,47.834448398042156,9.947796908887922
645,9687,12,47.83123731615758,48.96448672096862,9.904316662784778
297,4469,29,45.75060993362167,45.44318014908439,10.094767175295251
198,2981,18,47.38221365063989,47.33823120450411,9.848353607155603
8,133,28,47.35189411884043,47.1666124068007,10.014744097031015
46,702,0,56.23305617783626,60.28523600357884,9.73776476004453
914,13720,22,52.74190804522733,53.21314963858267,9.992202068928034
471,7076,10,58.112284799799035,59.84304777718572,9.930004499357818
501,7527,14,53.38813359586384,52.76282919160731,10.048527232075578
969,14549,25,53.85797983223607,52.227746207273036,10.096473827827829
921,13828,22,50.359563336859246,48.53018974477303,10.088819509284926
848,12731,13,37.76873358557433,37.09781804230844,9.9896762215813
109,1645,20,53.76071748967691,55.50853990821163,9.917772681973732
673,10106,28,42.983164705753666,41.216230149137225,10.11513159046754
636,9553,20,51.50222994568868,51.86319834503887,9.967606329067715
865,12987,18,52.73606744937953,55.65002294957862,9.760983911161702
868,13034,16,49.52491177231501,51.254583653980724,9.846316136378565
575,8636,7,46.72895303103454,45.967519394089344,10.045707927971467
502,7544,15,48.33060350498366,47.004342093788374,10.007452427586394
204,3070,5,44.08393520567142,42.928601355811686,10.118894472228142
394,5923,14,52.92972310300742,52.30612700392208,10.034021918975927
122,1842,11,50.0127630757473,54.565962366441894,9.719631567320311
526,7903,12,46.190199280958915,45.2221147990152,10.028788144735273
3,59,13,49.98880332993949,48.36952934878439,10.06319154503389
176,2652,1,45.95056262210147,44.41818508106863,10.053245694075697
328,4930,5,46.467335973094706,46.49995644266512,10.072212706801222
950,14263,8,50.51902838568648,47.834448398042156,10.1711380052149
888,13334,0,47.39287366790152,46.21962588725761,10.09552947572122
26,404,0,46.34439172756136,48.6708180532675,9.850372018365048
192,2891,25,48.83642680420327,53.40030005230382,9.711184884554841
826,12402,12,50.59001912082985,52.30612700392208,9.81431723619099
811,12178,19,51.666792331711484,54.565962366441894,9.905803902055789
99,1495,21,46.52458049818503,45.967519394089344,9.87143365009039
589,8846,1,49.488815834959674,50.85786607604633,9.885296418221907
620,9314,17,52.75630681805751,48.47430085612692,10.17172682530562
160,2412,9,40.551182322816445,40.61307544418796,9.924176404465426
188,2830,15,55.306215688688496,54.024517976506935,10.138389102988258
167,2518,12,53.07418102865892,51.8290628491984,10.013156303525433
863,12955,27,52.522681433513746,53.58183066222561,9.933349190762797
176,2651,7,54.56773313915593,55.65002294957862,9.847430001476786
485,7287,17,49.59057274389955,49.6470159612804,10.002152472395448
286,4300,14,48.7581956235205,48.072582182985514,10.104302097776138
424,6373,12,51.97337482107137,50.51649433553813,10.087405563348785
592,8890,7,49.46267568068107,45.690050209253094,10.165643636629879
828,12431,25,49.67235299329772,49.17343873011821,10.113131284223384
646,9702,25,46.28129655023938,44.6022381005655,10.009401774524727
350,5264,27,50.064945002635454,44.69307766148222,10.231037841402499
668,10032,6,50.54972098262307,47.589755341614584,10.24571781648513
577,8667,28,50.70976546834179,51.31112136832461,9.978707147246158
738,11082,20,52.114228901582116,53.42657110794263,9.899102567875941
944,14170,3,54.53460278285558,54.0951177442319,9.960839537535064
879,13199,21,48.50884854008967,48.156089834601545,10.04966642321126
326,4900,7,45.47047836572014,43.54868599211698,10.071908579148216
849,12745,25,47.27398687903808,47.004342093788374,10.054621235911739
322,4844,4,48.847703386618484,50.30816614150962,9.805144818492446
24,371,16,55.90916100547784,58.01989846824418,9.925439479811159
714,10724,15,54.65976724184341,58.79929741551178,9.82979928320791
465,6985,7,52.916653198418,55.13633368729514,9.96551505538123
621,9326,20,50.814277112043754,49.39394709625081,10.042245059201605
15,236,2,51.85698413868164,52.30612700392208,9.999959433657622
299,4499,10,46.53623829213666,46.75551700441181,9.885995688175493
109,1649,16,46.930788032259635,46.2578397140851,10.037954727650495
421,6326,19,43.66759109506285,45.44318014908439,9.850808475603355
68,1031,7,47.3156419321024,46.23738672703541,10.130337538870753
685,10286,6,44.22389471172579,43.846284187064576,10.06504374339166
147,2219,26,43.26751429951654,43.034336779674426,10.012032135690779
261,3925,29,50.81904887114942,51.6733161870415,9.988742793583983
471,7076,8,52.507024796760774,54.391258244136985,9.930004499357818
43,655,13,50.478302302933415,49.817624114570606,9.978847063729441
918,13780,6,49.83857107233916,48.94683337897269,10.07508617202926
286,4300,8,48.510922688333494,47.1666124068007,10.104302097776138
807,12116,1,47.56708229455899,47.606277649767634,10.028706069203018
755,11336,4,49.81723371407981,48.96448672096862,10.009131123920648
257,3865,10,47.18999239185443,48.53018974477303,10.003085495632938
871,13075,25,51.439937146173065,55.36292107709943,9.843145995236268
152,2292,16,50.02345965911345,48.94683337897269,10.058110578608915
201,3025,1,50.278415349585025,44.41818508106863,10.337079827144978
483,7257,22,42.10756502048909,41.216230149137225,9.93584684680361
718,10781,20,51.943610046417106,55.2697279852235,9.888465278726011
22,343,26,56.095483245949566,57.41232281173469,10.005230947388041
102,1540,10,44.446742993460035,40.91828265496647,10.132902006298863
996,14950,19,45.68114896735539,46.585908281269475,9.892776082863813
878,13183,0,46.11287468850325,45.111004001590224,10.147158296684879
893,13407,17,48.249568570468995,51.29574648188025,9.920512769884569
432,6490,26,45.83891605036531,44.69307766148222,10.083883608748987
45,687,23,57.62023740325348,57.39035661270814,9.985709025548735
585,8789,8,51.30180608471221,51.47807716396567,10.049321207392945
237,3566,7,45.23736509499441,46.23738672703541,9.958609796747092
356,5353,15,45.81982211259026,45.690050209253094,10.03969195559567
654,9820,14,57.39731968593586,55.48456213752443,10.065414812826672
441,6625,8,54.991087366022114,51.655791888235235,10.157009847136468
859,12899,25,57.32494547609191,55.05853078200474,10.085897971748176
489,7347,16,47.30628856566273,45.967519394089344,10.139895300392494
748,11230,13,43.669112096094636,42.750178470067844,10.119989411341383
842,12640,16,52.083438441497925,54.565962366441894,9.851217995118907
313,4706,23,52.81702468746786,52.40281113290192,10.077764958960211
329,4947,23,46.56194008737138,44.13601640845506,10.169505353515836
371,5576,7,40.15935571307316,39.911329236350944,10.023916313672686
51,777,25,51.394690482763124,51.6733161870415,9.992549562089131
965,14487,12,53.08348410522684,53.041862807900806,9.998706046155737
310,4664,14,54.13949308480961,53.75798996468815,9.954840553687678
429,6447,10,47.47298427705014,49.575947835186824,9.965924853938226
275,4136,29,51.81526074873363,53.40030005230382,9.970706126653356
136,2053,6,50.4587660892604,50.413047621624386,10.002817284602324
191,2878,14,48.52941233662715,50.18037238520646,9.809643326536587
835,12538,9,50.333728758664705,50.51649433553813,9.99287291932569
902,13544,5,51.805467301635524,49.95915137131534,10.048794627511933
979,14695,24,50.052516736280495,51.14014776155656,9.926306727471635
935,14038,11,48.423583257633645,50.71919889886353,9.930606974855193
409,6149,15,44.73399585989694,46.46535826220746,9.982693640573816
18,284,22,52.55841740185904,51.86319834503887,9.977417856965417
516,7751,20,51.97719343401352,53.831901031291046,9.980290729825622
130,1963,8,49.40692372829892,49.87368295115478,10.003405830201837
120,1812,0,52.46725334859554,50.91650311801912,10.074988833805959
