t_ms,mass_g,status
511,1.1923,D
511,1.1923,D
511,1.1923,D
511,1.1922,D
511,1.1922,D
511,1.1922,D
511,1.1922,D
511,1.1922,D
511,1.1922,D
511,1.1922,D
511,1.1922,D
511,1.1922,D
1024,1.1922,D
1024,1.1922,D
1024,1.1922,D
1024,1.1922,D
1024,1.1922,D
1024,1.1922,D
1024,1.1922,D
1024,1.1922,D
1024,1.1922,D
1024,1.1922,D
1024,1.1922,D
1024,1.1922,D
1537,1.1922,D
1537,1.1922,D
1537,1.1922,D
1537,1.1922,D
1537,1.1922,D
1537,1.1922,D
1537,1.1922,D
1537,1.1922,D
1537,1.1922,D
1537,1.1922,D
1537,1.1922,D
1537,1.1922,D
2050,1.1922,D
2050,1.1922,D
2050,1.1922,D
2050,1.1922,D
2050,1.1922,D
2050,1.1922,D
2050,1.1922,D
2050,1.1922,D
2050,1.1922,D
2050,1.1922,D
2050,1.1922,D
2551,1.1922,D
2551,1.1922,D
2551,1.1922,D
2551,1.1922,D
2551,1.1922,D
2551,1.1922,D
2551,1.1922,D
2551,1.1922,D
2551,1.1922,D
2551,1.1922,D
2551,1.1921,D
2551,1.1921,D
3066,1.1921,D
3066,1.1921,D
3066,1.1921,D
3066,1.1921,D
3066,1.1921,D
3066,1.1921,D
3066,1.1921,D
3066,1.1921,D
3066,1.1921,D
3066,1.1921,D
3066,1.1921,D
3066,1.1921,D
3579,1.1921,D
3579,1.1921,D
3579,1.1921,D
3579,1.1921,D
3579,1.1921,D
3579,1.1921,D
3579,1.1921,D
3579,1.1921,D
3579,1.1921,D
3579,1.1921,D
3579,1.1921,D
4079,1.1921,D
4079,1.1921,D
4079,1.1920,D
4080,1.1920,D
4080,1.1920,D
4080,1.1920,D
4080,1.1920,D
4080,1.1920,D
4080,1.1920,D
4080,1.1920,D
4080,1.1920,D
4080,1.1920,D
4593,1.1920,D
4593,1.1920,D
4593,1.1920,D
4593,1.1920,D
4593,1.1920,D
4593,1.1920,D
4593,1.1920,D
4593,1.1920,D
4593,1.1920,D
4593,1.1920,D
4593,1.1920,D
4593,1.1920,D
5094,1.1920,D
5094,1.1920,D
5094,1.1920,D
5094,1.1920,D
5094,1.1920,D
5094,1.1920,D
5094,1.1920,D
5094,1.1920,D
5094,1.1920,D
5094,1.1920,D
5094,1.1920,D
5609,1.1920,D
5609,1.1920,D
5609,1.2184,D
5609,1.2355,D
5609,1.2366,D
5609,1.2368,D
5609,1.2367,D
5609,1.2366,D
5609,1.2363,D
5609,1.2360,D
5609,1.2357,D
5609,1.2354,D
6121,1.2352,D
6121,1.2350,D
6121,1.2348,D
6121,1.2346,D
6121,1.2345,D
6121,1.2343,D
6121,1.2343,D
6121,1.2342,D
6121,1.2341,D
6121,1.2341,D
6121,1.2340,D
6121,1.2339,D
6637,1.2339,D
6637,1.2338,D
6637,1.2338,D
6637,1.2338,D
6637,1.2338,D
6637,1.2338,D
6637,1.2338,D
6637,1.2338,D
6637,1.2338,D
6637,1.2337,D
6637,1.2337,D
7149,1.2337,D
7149,1.2336,D
7149,1.2336,D
7149,1.2336,D
7149,1.2337,D
7149,1.2337,D
7149,1.2337,D
7149,1.2338,D
7149,1.2338,D
7149,1.2338,D
7149,1.2338,D
7149,1.2338,D
7664,1.2337,D
7664,1.2337,D
7664,1.2337,D
7664,1.2336,D
7664,1.2336,D
7664,1.2336,D
7664,1.2335,D
7664,1.2335,D
7664,1.2335,D
7664,1.2335,D
7664,1.2334,D
7664,1.2334,D
8164,1.2334,D
8164,1.2334,D
8164,1.2334,D
8164,1.2334,D
8164,1.2334,D
8164,1.2334,D
8164,1.2334,D
8164,1.2334,D
8164,1.2333,D
8164,1.2333,D
8164,1.2333,D
8666,1.2333,D
8666,1.2333,D
8666,1.2333,D
8666,1.2333,D
8666,1.2333,D
8666,1.2333,D
8666,1.2333,D
8666,1.2333,D
8666,1.2333,D
8666,1.2333,D
8666,1.2333,D
9168,1.2333,D
9168,1.2333,D
9168,1.2332,D
9168,1.2332,D
9168,1.2332,D
9168,1.2332,D
9168,1.2329,D
9168,1.2329,D
9168,1.2330,D
9168,1.2330,D
9168,1.2330,D
9168,1.2331,D
9670,1.2331,D
9670,1.2331,D
9670,1.2331,D
9670,1.2331,D
9670,1.2331,D
9670,1.2331,D
9670,1.2331,D
9670,1.2331,D
9670,1.2331,D
9670,1.2331,D
9670,1.2330,D
9670,1.2330,D
10170,1.2330,D
10170,1.2330,D
10170,1.2330,D
10170,1.2329,D
10170,1.2329,D
10170,1.2329,D
10170,1.2329,D
10170,1.2329,D
10170,1.2329,D
10170,1.2329,D
10170,1.2329,D
10671,1.2329,D
10671,1.2329,D
10671,1.2329,D
10671,1.2329,D
10671,1.2329,D
10671,1.2329,D
10671,1.2329,D
10671,1.2329,D
10671,1.2329,D
10671,1.2329,D
10671,1.2329,D
10671,1.2329,D
11185,1.2329,D
11185,1.2329,D
11185,1.2330,D
11185,1.2330,D
11185,1.2330,D
11185,1.2330,D
11185,1.2330,D
11185,1.2330,D
11185,1.2330,D
11185,1.2330,D
11185,1.2330,D
11185,1.2330,D
11699,1.2330,D
11699,1.2331,D
11699,1.2455,D
11699,1.2756,D
11699,1.2767,D
11699,1.2773,D
11699,1.2774,D
11699,1.2774,D
11699,1.2772,D
11699,1.2769,D
11699,1.2768,D
12211,1.2767,D
12211,1.2765,D
12211,1.2764,D
12211,1.2762,D
12211,1.2760,D
12211,1.2759,D
12211,1.2758,D
12211,1.2757,D
12211,1.2756,D
12211,1.2755,D
12211,1.2754,D
12211,1.2754,D
12726,1.2753,D
12726,1.2752,D
12727,1.2751,D
12727,1.2751,D
12727,1.2751,D
12727,1.2751,D
12727,1.2751,D
12727,1.2751,D
12727,1.2751,D
12727,1.2751,D
12727,1.2751,D
12727,1.2751,D
13241,1.2751,D
13241,1.2751,D
13241,1.2751,D
13241,1.2751,D
13241,1.2751,D
13241,1.2751,D
13241,1.2751,D
13241,1.2751,D
13241,1.2751,D
13241,1.2751,D
13241,1.2751,D
13241,1.2751,D
13746,1.2751,D
13746,1.2750,D
13746,1.2750,D
13746,1.2750,D
13746,1.2750,D
13746,1.2750,D
13746,1.2750,D
13746,1.2750,D
13746,1.2750,D
13746,1.2750,D
13746,1.2750,D
14260,1.2750,D
14260,1.2749,D
14260,1.2748,D
14260,1.2748,D
14260,1.2748,D
14260,1.2748,D
14260,1.2748,D
14260,1.2748,D
14260,1.2748,D
14260,1.2748,D
14260,1.2748,D
14260,1.2748,D
14763,1.2747,D
14763,1.2747,D
14763,1.2747,D
14763,1.2747,D
14763,1.2747,D
14763,1.2747,D
14763,1.2747,D
14763,1.2747,D
14763,1.2746,D
14763,1.2746,D
14763,1.2746,D
15279,1.2746,D
15279,1.2746,D
15279,1.2746,D
15279,1.2746,D
15279,1.2745,D
15279,1.2745,D
15279,1.2745,D
15279,1.2745,D
15279,1.2745,D
15279,1.2745,D
15279,1.2743,D
15279,1.2742,D
15792,1.2742,D
15792,1.2742,D
15792,1.2742,D
15792,1.2742,D
15792,1.2742,D
15792,1.2742,D
15792,1.2741,D
15792,1.2741,D
15792,1.2741,D
15792,1.2741,D
15792,1.2741,D
15792,1.2741,D
16304,1.2741,D
16304,1.2741,D
16304,1.2741,D
16304,1.2741,D
16304,1.2741,D
16304,1.2741,D
16304,1.2741,D
16304,1.2741,D
16304,1.2741,D
16304,1.2740,D
16304,1.2740,D
16304,1.2740,D
16817,1.2740,D
16817,1.2740,D
16817,1.2740,D
16817,1.2740,D
16817,1.2740,D
16817,1.2740,D
16817,1.2740,D
16817,1.2740,D
16817,1.2740,D
16817,1.2740,D
16817,1.2740,D
17328,1.2740,D
17328,1.2740,D
17328,1.2740,D
17328,1.2740,D
17328,1.2740,D
17328,1.2739,D
17328,1.2739,D
17328,1.2739,D
17328,1.2739,D
17328,1.2739,D
17328,1.2739,D
17328,1.2739,D
17830,1.2739,D
17830,1.2739,D
17830,1.2739,D
17830,1.2739,D
17830,1.2894,D
17830,1.3174,D
17830,1.3185,D
17830,1.3187,D
17830,1.3187,D
17830,1.3186,D
17830,1.3183,D
18336,1.3180,D
18336,1.3177,D
18336,1.3175,D
18336,1.3172,D
18336,1.3170,D
18336,1.3168,D
18336,1.3167,D
18336,1.3165,D
18336,1.3164,D
18336,1.3163,D
18336,1.3162,D
18336,1.3162,D
18836,1.3161,D
18836,1.3160,D
18836,1.3159,D
18836,1.3159,D
18836,1.3159,D
18836,1.3159,D
18836,1.3159,D
18836,1.3159,D
18836,1.3159,D
18836,1.3159,D
18836,1.3159,D
18836,1.3159,D
19344,1.3159,D
19344,1.3159,D
19344,1.3159,D
19344,1.3159,D
19344,1.3159,D
19344,1.3159,D
19344,1.3159,D
19344,1.3159,D
19344,1.3159,D
19344,1.3159,D
19344,1.3159,D
19847,1.3159,D
19847,1.3160,D
19847,1.3160,D
19847,1.3160,D
19847,1.3160,D
19847,1.3160,D
19847,1.3160,D
19847,1.3160,D
19848,1.3160,D
19848,1.3160,D
19848,1.3160,D
19848,1.3160,D
20349,1.3160,D
20349,1.3160,D
20349,1.3160,D
20349,1.3160,D
20349,1.3160,D
20349,1.3161,D
20349,1.3161,D
20349,1.3161,D
20349,1.3161,D
20349,1.3161,D
20349,1.3161,D
20851,1.3161,D
20851,1.3161,D
20851,1.3161,D
20851,1.3161,D
20851,1.3161,D
20851,1.3161,D
20851,1.3161,D
20851,1.3161,D
20851,1.3161,D
20851,1.3161,D
20851,1.3162,D
20851,1.3162,D
21352,1.3162,D
21352,1.3162,D
21352,1.3162,D
21352,1.3162,D
21352,1.3162,D
21352,1.3162,D
21352,1.3162,D
21352,1.3162,D
21352,1.3162,D
21352,1.3162,D
21352,1.3162,D
21852,1.3162,D
21852,1.3162,D
21852,1.3162,D
21852,1.3162,D
21852,1.3162,D
21852,1.3162,D
21852,1.3162,D
21852,1.3162,D
21852,1.3163,D
21852,1.3163,D
21852,1.3163,D
21852,1.3163,D
22366,1.3163,D
22366,1.3163,D
22366,1.3163,D
22366,1.3163,D
22366,1.3163,D
22366,1.3164,D
22366,1.3164,D
22366,1.3164,D
22366,1.3164,D
22366,1.3164,D
22366,1.3164,D
22366,1.3164,D
22879,1.3164,D
22879,1.3164,D
22879,1.3164,D
22879,1.3164,D
22879,1.3164,D
22879,1.3164,D
22879,1.3164,D
22879,1.3164,D
22879,1.3164,D
22879,1.3164,D
22879,1.3164,D
23381,1.3164,D
23381,1.3164,D
23381,1.3164,D
23381,1.3164,D
23381,1.3164,D
23381,1.3164,D
23381,1.3164,D
23381,1.3164,D
23381,1.3164,D
23381,1.3164,D
23381,1.3164,D
23381,1.3164,D
23884,1.3164,D
23884,1.3164,D
23884,1.3164,D
23884,1.3164,D
23884,1.3164,D
23884,1.3164,D
23884,1.3164,D
23884,1.3483,D
23884,1.3595,D
23884,1.3604,D
23884,1.3607,D
24397,1.3607,D
24397,1.3606,D
24397,1.3604,D
24397,1.3601,D
24397,1.3598,D
24397,1.3596,D
24397,1.3593,D
24397,1.3591,D
24397,1.3589,D
24397,1.3588,D
24397,1.3586,D
24910,1.3585,D
24910,1.3584,D
24910,1.3584,D
24911,1.3583,D
24911,1.3583,D
24911,1.3582,D
24911,1.3580,D
24911,1.3580,D
24911,1.3579,D
24911,1.3579,D
24911,1.3579,D
24911,1.3579,D
25418,1.3579,D
25418,1.3579,D
25418,1.3579,D
25418,1.3578,D
25418,1.3578,D
25418,1.3578,D
25418,1.3578,D
25418,1.3578,D
25418,1.3578,D
25418,1.3578,D
25418,1.3578,D
25418,1.3578,D
25933,1.3578,D
25933,1.3578,D
25933,1.3578,D
25933,1.3578,D
25933,1.3578,D
25933,1.3578,D
25933,1.3578,D
25933,1.3578,D
25933,1.3578,D
25933,1.3578,D
25933,1.3577,D
25933,1.3577,D
26447,1.3577,D
26447,1.3577,D
26447,1.3576,D
26447,1.3576,D
26447,1.3576,D
26447,1.3576,D
26447,1.3576,D
26447,1.3576,D
26447,1.3576,D
26447,1.3576,D
26447,1.3576,D
26447,1.3576,D
26947,1.3576,D
26947,1.3576,D
26947,1.3576,D
26947,1.3576,D
26947,1.3576,D
26947,1.3576,D
26947,1.3576,D
26947,1.3576,D
26947,1.3576,D
26947,1.3576,D
26947,1.3576,D
27460,1.3576,D
27461,1.3576,D
27461,1.3576,D
27461,1.3576,D
27461,1.3576,D
27461,1.3576,D
27461,1.3575,D
27461,1.3575,D
27461,1.3575,D
27461,1.3575,D
27461,1.3575,D
27461,1.3575,D
27975,1.3575,D
27975,1.3575,D
27975,1.3575,D
27975,1.3575,D
27975,1.3575,D
27975,1.3575,D
27975,1.3575,D
27975,1.3575,D
27975,1.3575,D
27975,1.3574,D
27975,1.3574,D
27975,1.3574,D
28488,1.3574,D
28488,1.3574,D
28488,1.3574,D
28488,1.3574,D
28488,1.3574,D
28488,1.3574,D
28488,1.3574,D
28488,1.3571,D
28488,1.3571,D
28488,1.3571,D
28488,1.3570,D
28488,1.3570,D
28990,1.3570,D
28990,1.3570,D
28990,1.3570,D
28990,1.3570,D
28990,1.3570,D
28990,1.3570,D
28990,1.3570,D
28990,1.3570,D
28990,1.3569,D
28990,1.3569,D
28990,1.3569,D
29493,1.3569,D
29493,1.3569,D
29493,1.3569,D
29493,1.3569,D
29493,1.3569,D
29493,1.3569,D
29493,1.3568,D
29493,1.3568,D
29493,1.3568,D
29493,1.3568,D
29493,1.3568,D
29493,1.3568,D
30008,1.3568,D
30008,1.3568,D
30008,1.3568,D
30008,1.3568,D
30008,1.3568,D
30008,1.3568,D
30008,1.3568,D
30008,1.3568,D
30008,1.3616,D
30008,1.3999,D
30008,1.4009,D
30522,1.4013,D
30522,1.4015,D
30522,1.4015,D
30522,1.4013,D
30522,1.4009,D
30522,1.4005,D
30522,1.4001,D
30522,1.3998,D
30522,1.3995,D
30522,1.3993,D
30523,1.3991,D
30523,1.3990,D
31035,1.3989,D
31035,1.3987,D
31035,1.3986,D
31035,1.3986,D
31035,1.3985,D
31035,1.3985,D
31035,1.3984,D
31035,1.3984,D
31035,1.3984,D
31035,1.3984,D
31035,1.3985,D
31035,1.3985,D
31546,1.3985,D
31546,1.3985,D
31546,1.3985,D
31546,1.3985,D
31546,1.3985,D
31546,1.3985,D
31546,1.3985,D
31546,1.3985,D
31546,1.3985,D
31546,1.3984,D
31546,1.3984,D
31546,1.3984,D
32060,1.3984,D
32060,1.3983,D
32060,1.3983,D
32060,1.3983,D
32060,1.3983,D
32060,1.3983,D
32060,1.3983,D
32060,1.3983,D
32060,1.3983,D
32060,1.3983,D
32060,1.3983,D
32574,1.3983,D
32574,1.3983,D
32575,1.3981,D
32575,1.3980,D
32575,1.3980,D
32575,1.3980,D
32575,1.3980,D
32575,1.3980,D
32575,1.3981,D
32575,1.3981,D
32575,1.3981,D
32575,1.3981,D
33074,1.3982,D
33075,1.3982,D
33075,1.3982,D
33075,1.3982,D
33075,1.3982,D
33075,1.3983,D
33075,1.3983,D
33075,1.3983,D
33075,1.3983,D
33075,1.3983,D
33075,1.3983,D
33578,1.3983,D
33578,1.3982,D
33578,1.3982,D
33578,1.3982,D
33578,1.3982,D
33578,1.3982,D
33578,1.3982,D
33578,1.3982,D
33578,1.3982,D
33578,1.3982,D
33578,1.3982,D
33578,1.3982,D
34085,1.3982,D
34085,1.3982,D
34085,1.3982,D
34085,1.3982,D
34085,1.3982,D
34085,1.3982,D
34085,1.3982,D
34085,1.3982,D
34085,1.3982,D
34085,1.3982,D
34085,1.3982,D
34593,1.3982,D
34593,1.3982,D
34593,1.3982,D
34593,1.3982,D
34593,1.3982,D
34593,1.3982,D
34593,1.3982,D
34593,1.3982,D
34593,1.3982,D
34593,1.3982,D
34593,1.3982,D
34593,1.3982,D
35099,1.3982,D
35099,1.3982,D
35099,1.3982,D
35099,1.3982,D
35099,1.3982,D
35099,1.3982,D
35099,1.3982,D
35099,1.3982,D
35099,1.3982,D
35099,1.3982,D
35099,1.3982,D
35099,1.3982,D
35604,1.3982,D
35604,1.3982,D
35604,1.3982,D
35604,1.3982,S
35604,1.3982,S
35604,1.3982,S
35604,1.3982,S
35604,1.3982,S
35604,1.3982,S
35604,1.3982,S
36104,1.3982,D
36104,1.3982,D
36105,1.3982,D
36105,1.3982,D
36105,1.3982,D
36105,1.3982,D
36105,1.3982,D
36105,1.3982,D
36105,1.3982,D
36105,1.3982,D
36105,1.3982,D
36105,1.4358,D
36619,1.4420,D
36619,1.4426,D
36619,1.4426,D
36619,1.4425,D
36619,1.4423,D
36619,1.4420,D
36619,1.4417,D
36619,1.4415,D
36619,1.4412,D
36619,1.4410,D
36619,1.4408,D
36619,1.4406,D
37131,1.4405,D
37131,1.4404,D
37131,1.4403,D
37131,1.4403,D
37131,1.4402,D
37131,1.4402,D
37131,1.4401,D
37131,1.4398,D
37131,1.4397,D
37131,1.4394,D
37131,1.4394,D
37642,1.4394,D
37642,1.4394,D
37642,1.4394,D
37642,1.4395,D
37642,1.4395,D
37642,1.4395,D
37642,1.4395,D
37642,1.4395,D
37642,1.4396,D
37642,1.4396,D
37642,1.4395,D
37642,1.4395,D
38151,1.4395,D
38151,1.4395,D
38151,1.4395,D
38151,1.4395,D
38151,1.4395,D
38152,1.4395,D
38152,1.4395,D
38152,1.4395,D
38152,1.4395,D
38152,1.4395,D
38152,1.4395,D
38152,1.4395,D
38662,1.4395,D
38662,1.4395,D
38662,1.4395,D
38662,1.4395,D
38662,1.4395,D
38662,1.4396,D
38662,1.4396,D
38662,1.4396,D
38662,1.4396,D
38662,1.4396,D
38662,1.4396,D
38662,1.4396,D
39170,1.4396,D
39170,1.4396,D
39170,1.4396,D
39170,1.4396,D
39170,1.4396,D
39170,1.4396,D
39170,1.4396,D
39170,1.4397,D
39170,1.4397,D
39170,1.4397,D
39170,1.4397,D
39673,1.4397,D
39673,1.4397,D
39673,1.4397,D
39673,1.4397,D
39673,1.4397,D
39673,1.4397,D
39673,1.4397,D
39673,1.4397,D
39673,1.4397,D
39673,1.4397,D
39673,1.4397,D
39673,1.4397,D
40188,1.4397,D
40188,1.4397,D
40188,1.4396,D
40188,1.4396,D
40188,1.4396,D
40188,1.4389,D
40188,1.4386,D
40188,1.4386,D
40188,1.4387,D
40188,1.4387,D
40188,1.4388,D
40701,1.4388,D
40702,1.4389,D
40702,1.4389,D
40702,1.4390,D
40702,1.4390,D
40702,1.4390,D
40702,1.4390,D
40702,1.4391,D
40702,1.4391,D
40702,1.4391,D
40702,1.4391,D
40702,1.4391,D
41214,1.4391,D
41214,1.4391,D
41214,1.4391,D
41214,1.4391,D
41214,1.4391,D
41214,1.4391,D
41214,1.4391,D
41214,1.4390,D
41214,1.4390,D
41214,1.4390,D
41214,1.4390,D
41214,1.4390,D
41714,1.4390,D
41714,1.4390,D
41714,1.4390,D
41714,1.4389,D
41714,1.4389,D
41714,1.4389,D
41714,1.4389,D
41714,1.4388,D
41714,1.4388,D
41714,1.4388,D
41714,1.4388,D
42215,1.4387,D
42215,1.4387,D
42215,1.4387,D
42215,1.4387,D
42215,1.4385,D
42215,1.4384,D
42215,1.4384,D
42215,1.4383,D
42215,1.4383,D
42215,1.4383,D
42215,1.4383,D
42215,1.4479,D
42730,1.4805,D
42730,1.4815,D
42730,1.4818,D
42730,1.4818,D
42731,1.4817,D
42731,1.4816,D
42731,1.4813,D
42731,1.4811,D
42731,1.4808,D
42731,1.4806,D
42731,1.4804,D
43233,1.4803,D
43233,1.4801,D
43233,1.4799,D
43233,1.4798,D
43233,1.4797,D
43233,1.4796,D
43233,1.4796,D
43233,1.4795,D
43233,1.4795,D
43233,1.4795,D
43233,1.4795,D
43233,1.4794,D
43748,1.4794,D
43748,1.4794,D
43748,1.4794,D
43748,1.4794,D
43748,1.4794,D
43748,1.4794,D
43748,1.4794,D
43748,1.4794,D
43748,1.4794,D
43748,1.4794,D
43748,1.4794,D
43748,1.4794,D
44261,1.4794,D
44261,1.4794,D
44261,1.4793,D
44261,1.4793,D
44261,1.4793,D
44261,1.4793,D
44261,1.4793,D
44261,1.4793,D
44261,1.4793,D
44261,1.4793,D
44261,1.4794,D
44261,1.4794,D
44773,1.4794,D
44773,1.4794,D
44773,1.4794,D
44773,1.4794,D
44773,1.4794,D
44773,1.4794,D
44773,1.4794,D
44773,1.4795,D
44773,1.4795,D
44773,1.4795,D
44773,1.4795,D
45289,1.4795,D
45289,1.4795,D
45289,1.4795,D
45289,1.4795,D
45289,1.4795,D
45289,1.4796,D
45289,1.4796,D
45289,1.4796,D
45289,1.4796,D
45289,1.4796,D
45289,1.4796,D
45289,1.4796,D
45789,1.4796,D
45789,1.4796,D
45789,1.4796,D
45789,1.4796,D
45789,1.4796,D
45789,1.4796,D
45789,1.4796,D
45789,1.4796,D
45789,1.4796,D
45789,1.4796,D
45789,1.4796,D
45789,1.4796,D
46300,1.4796,D
46300,1.4796,D
46300,1.4796,D
46300,1.4796,D
46300,1.4796,D
46300,1.4796,D
46301,1.4796,D
46301,1.4796,D
46301,1.4796,D
46301,1.4797,D
46301,1.4798,D
46815,1.4813,D
46815,1.4827,D
46815,1.4832,D
46815,1.4832,D
46815,1.4831,D
46815,1.4830,D
46815,1.4829,D
46815,1.4828,D
46815,1.4828,D
46815,1.4827,D
46815,1.4827,D
46815,1.4826,D
47328,1.4825,D
47328,1.4824,D
47328,1.4823,D
47328,1.4821,D
47328,1.4820,D
47328,1.4818,D
47328,1.4815,D
47328,1.4813,D
47328,1.4811,D
47328,1.4808,D
47328,1.4801,D
47328,1.4786,D
47843,1.4784,D
47843,1.4783,D
47843,1.4783,D
47843,1.4783,D
47843,1.4783,D
47843,1.4783,D
47843,1.4783,D
47843,1.4783,D
47843,1.4783,D
47843,1.4782,D
47843,1.4782,D
47843,1.4782,D
48358,1.4781,D
48358,1.4781,D
48358,1.4781,D
48358,1.4780,D
48358,1.4780,D
48358,1.4780,D
48358,1.4780,D
48358,1.4780,D
48358,1.4780,D
48358,1.4780,D
48358,1.4781,D
48871,1.4832,D
48871,1.5214,D
48872,1.5225,D
48872,1.5230,D
48872,1.5232,D
48872,1.5236,D
48872,1.5238,D
48872,1.5237,D
48872,1.5234,D
48872,1.5230,D
48872,1.5226,D
48872,1.5223,D
49384,1.5219,D
49384,1.5214,D
49384,1.5210,D
49384,1.5208,D
49384,1.5206,D
49384,1.5205,D
49384,1.5205,D
49384,1.5205,D
49384,1.5206,D
49384,1.5206,D
49384,1.5207,D
49384,1.5208,D
49886,1.5208,D
49887,1.5209,D
49887,1.5209,D
49887,1.5209,D
49887,1.5210,D
49887,1.5210,D
49887,1.5210,D
49887,1.5211,D
49887,1.5211,D
49887,1.5211,D
49887,1.5211,D
49887,1.5211,D
50388,1.5211,D
50388,1.5211,D
50388,1.5211,D
50388,1.5211,D
50388,1.5211,D
50388,1.5211,D
50388,1.5211,D
50388,1.5211,D
50388,1.5211,D
50388,1.5210,D
50388,1.5210,D
50902,1.5210,D
50902,1.5210,D
50902,1.5210,D
50902,1.5210,D
50902,1.5210,D
50902,1.5210,D
50902,1.5210,D
50902,1.5210,D
50902,1.5210,D
50902,1.5210,D
50902,1.5210,D
50902,1.5210,D
51415,1.5210,D
51415,1.5210,D
51415,1.5209,D
51415,1.5209,D
51415,1.5209,D
51415,1.5209,D
51415,1.5209,D
51415,1.5209,D
51415,1.5209,D
51415,1.5209,D
51415,1.5209,D
51415,1.5209,D
51915,1.5209,D
51915,1.5209,D
51915,1.5209,D
51915,1.5209,D
51915,1.5209,D
51915,1.5209,D
51915,1.5209,D
51915,1.5209,D
51915,1.5210,D
51915,1.5210,D
51916,1.5210,D
52429,1.5210,D
52430,1.5210,D
52430,1.5210,D
52430,1.5210,D
52430,1.5210,D
52430,1.5210,D
52430,1.5210,D
52430,1.5210,D
52430,1.5210,D
52430,1.5210,D
52430,1.5210,D
52944,1.5210,D
52944,1.5210,D
52944,1.5210,D
52944,1.5210,D
52944,1.5210,D
52944,1.5210,D
52944,1.5210,D
52944,1.5210,D
52944,1.5210,D
52944,1.5210,D
52944,1.5210,D
52944,1.5210,D
53451,1.5210,D
53451,1.5210,D
53451,1.5210,D
53451,1.5210,D
53451,1.5210,D
53451,1.5210,D
53451,1.5210,D
53451,1.5210,D
53451,1.5210,D
53451,1.5210,D
53451,1.5210,D
53451,1.5210,D
53959,1.5210,D
53959,1.5210,D
53959,1.5210,D
53959,1.5210,S
53959,1.5210,S
53959,1.5210,S
53959,1.5210,S
53959,1.5210,S
53959,1.5210,S
53959,1.5210,S
53959,1.5210,S
53959,1.5210,S
54469,1.5210,S
54469,1.5210,S
54469,1.5210,S
54469,1.5210,S
54469,1.5210,S
54469,1.5210,S
54469,1.5210,S
54469,1.5210,S
54469,1.5210,S
54469,1.5210,S
54469,1.5210,S
54981,1.5210,S
54981,1.5210,S
54981,1.5444,D
54981,1.5642,D
54981,1.5652,D
54981,1.5655,D
54981,1.5655,D
54981,1.5654,D
54981,1.5651,D
54981,1.5647,D
54981,1.5644,D
54981,1.5642,D
55486,1.5639,D
55486,1.5637,D
55486,1.5635,D
55486,1.5633,D
55486,1.5631,D
55486,1.5631,D
55486,1.5630,D
55486,1.5630,D
55486,1.5629,D
55486,1.5629,D
55486,1.5629,D
55999,1.5629,D
55999,1.5628,D
55999,1.5626,D
55999,1.5625,D
55999,1.5625,D
55999,1.5624,D
55999,1.5624,D
55999,1.5624,D
55999,1.5624,D
55999,1.5624,D
55999,1.5624,D
55999,1.5624,D
56514,1.5624,D
56514,1.5624,D
56514,1.5624,D
56514,1.5624,D
56514,1.5624,D
56514,1.5624,D
56514,1.5624,D
56514,1.5624,D
56514,1.5624,D
56514,1.5624,D
56514,1.5624,D
56514,1.5624,D
57028,1.5624,D
57028,1.5624,D
57028,1.5624,D
57028,1.5624,D
57028,1.5624,D
57028,1.5624,D
57028,1.5624,D
57028,1.5624,D
57028,1.5624,D
57028,1.5624,D
57028,1.5624,D
57028,1.5624,D
57528,1.5624,D
57528,1.5624,D
57528,1.5623,D
57528,1.5623,D
57528,1.5623,D
57528,1.5623,D
57528,1.5623,D
57528,1.5623,D
57528,1.5623,D
57528,1.5623,D
57528,1.5623,D
58029,1.5622,D
58029,1.5622,D
58029,1.5622,D
58029,1.5622,D
58029,1.5622,D
58029,1.5622,D
58029,1.5622,D
58029,1.5622,D
58029,1.5623,D
58029,1.5623,D
58029,1.5623,D
58029,1.5623,D
58541,1.5623,D
58541,1.5623,D
58541,1.5623,D
58541,1.5623,D
58541,1.5623,D
58541,1.5623,D
58541,1.5623,D
58541,1.5623,D
58541,1.5623,D
58541,1.5623,D
58541,1.5623,D
58541,1.5623,D
59041,1.5623,D
59041,1.5623,D
59041,1.5623,D
59041,1.5623,D
59041,1.5623,D
59041,1.5623,D
59041,1.5623,D
59041,1.5622,D
59041,1.5622,D
59041,1.5622,D
59041,1.5622,D
59556,1.5622,D
59556,1.5622,D
59556,1.5622,D
59556,1.5622,D
59556,1.5622,D
59556,1.5622,D
59556,1.5622,D
59556,1.5622,D
59556,1.5622,D
59556,1.5622,D
59556,1.5622,D
59556,1.5622,D
60068,1.5622,D
60068,1.5622,D
60068,1.5622,D
60068,1.5622,D
60068,1.5622,D
60068,1.5622,D
60068,1.5622,D
60068,1.5622,D
60068,1.5622,D
60068,1.5622,D
60068,1.5622,D
60068,1.5622,D
60580,1.5622,D
60580,1.5622,D
60580,1.5622,D
60580,1.5622,D
60580,1.5622,D
60580,1.5622,D
60580,1.5622,D
60580,1.5622,D
60580,1.5622,D
60580,1.5622,D
60580,1.5622,D
61091,1.5622,D
61091,1.5622,D
61091,1.5622,D
61091,1.5857,D
61091,1.6057,D
61091,1.6066,D
61091,1.6067,D
61091,1.6066,D
61091,1.6064,D
61091,1.6061,D
61091,1.6058,D
61091,1.6056,D
61596,1.6053,D
61596,1.6051,D
61596,1.6050,D
61596,1.6048,D
61596,1.6046,D
61596,1.6045,D
61596,1.6044,D
61596,1.6044,D
61596,1.6044,D
61596,1.6044,D
61596,1.6044,D
62099,1.6044,D
62099,1.6044,D
62099,1.6044,D
62099,1.6043,D
62099,1.6043,D
62099,1.6042,D
62099,1.6040,D
62099,1.6040,D
62099,1.6040,D
62099,1.6040,D
62099,1.6040,D
62099,1.6040,D
62601,1.6040,D
62601,1.6040,D
62601,1.6040,D
62601,1.6040,D
62601,1.6040,D
62601,1.6040,D
62601,1.6040,D
62601,1.6040,D
62601,1.6039,D
62601,1.6039,D
62601,1.6039,D
63111,1.6039,D
63111,1.6039,D
63111,1.6039,D
63111,1.6039,D
63111,1.6038,D
63111,1.6038,D
63111,1.6038,D
63111,1.6038,D
63111,1.6038,D
63111,1.6038,D
63111,1.6038,D
63111,1.6038,D
63612,1.6038,D
63612,1.6038,D
63612,1.6038,D
63612,1.6038,D
63612,1.6038,D
63612,1.6038,D
63612,1.6038,D
63612,1.6038,D
63612,1.6038,D
63612,1.6038,D
63612,1.6038,D
63612,1.6038,D
64125,1.6038,D
64125,1.6038,D
64125,1.6038,D
64125,1.6038,D
64125,1.6038,D
64125,1.6038,D
64125,1.6038,D
64125,1.6038,D
64125,1.6038,D
64125,1.6038,D
64125,1.6038,D
64639,1.6038,D
64639,1.6038,D
64639,1.6038,D
64639,1.6038,D
64639,1.6038,D
64639,1.6038,D
64639,1.6038,D
64639,1.6038,D
64639,1.6038,D
64639,1.6038,D
64639,1.6038,D
64639,1.6038,D
65140,1.6038,D
65140,1.6038,D
65140,1.6038,D
65140,1.6037,D
65140,1.6037,D
65140,1.6037,D
65140,1.6037,D
65140,1.6037,D
65140,1.6037,D
65140,1.6037,D
65140,1.6037,D
65140,1.6037,D
65642,1.6037,D
65642,1.6037,D
65642,1.6037,D
65642,1.6037,D
65642,1.6037,D
65642,1.6037,D
65642,1.6037,D
65642,1.6037,D
65642,1.6037,D
65642,1.6037,D
65642,1.6037,D
66148,1.6037,D
66148,1.6036,D
66148,1.6036,D
66148,1.6036,D
66148,1.6036,D
66148,1.6036,D
66148,1.6036,D
66148,1.6036,D
66148,1.6036,D
66148,1.6036,D
66148,1.6036,D
66148,1.6036,D
66659,1.6036,D
66659,1.6036,D
66659,1.6036,D
66659,1.6036,D
66659,1.6036,D
66659,1.6036,D
66659,1.6036,D
66659,1.6036,D
66659,1.6036,D
66659,1.6036,D
66659,1.6035,D
67169,1.6034,D
67169,1.6034,D
67169,1.6034,D
67169,1.6034,D
67169,1.6034,D
67169,1.6240,D
67169,1.6462,D
67169,1.6472,D
67169,1.6475,D
67169,1.6475,D
67169,1.6474,D
67169,1.6471,D
67672,1.6467,D
67672,1.6464,D
67672,1.6462,D
67672,1.6459,D
67672,1.6457,D
67672,1.6455,D
67672,1.6453,D
67672,1.6452,D
67672,1.6450,D
67672,1.6449,D
67672,1.6448,D
67672,1.6448,D
68173,1.6447,D
68173,1.6447,D
68173,1.6445,D
68173,1.6444,D
68173,1.6444,D
68173,1.6444,D
68173,1.6444,D
68173,1.6444,D
68173,1.6444,D
68173,1.6444,D
68173,1.6444,D
68686,1.6444,D
68686,1.6444,D
68686,1.6444,D
68686,1.6443,D
68686,1.6443,D
68686,1.6443,D
68686,1.6443,D
68686,1.6443,D
68686,1.6443,D
68686,1.6443,D
68686,1.6443,D
68686,1.6443,D
69200,1.6443,D
69200,1.6443,D
69200,1.6443,D
69200,1.6443,D
69200,1.6443,D
69200,1.6443,D
69200,1.6444,D
69200,1.6444,D
69200,1.6444,D
69200,1.6444,D
69200,1.6444,D
69705,1.6444,D
69705,1.6444,D
69705,1.6444,D
69705,1.6444,D
69705,1.6444,D
69705,1.6444,D
69705,1.6444,D
69705,1.6444,D
69705,1.6444,D
69705,1.6444,D
69705,1.6444,D
69705,1.6444,D
70215,1.6444,D
70215,1.6444,D
70215,1.6444,D
70215,1.6444,D
70215,1.6444,D
70215,1.6444,D
70215,1.6444,D
70215,1.6444,D
70215,1.6444,D
70215,1.6444,D
70215,1.6444,D
70215,1.6444,D
70725,1.6444,D
70725,1.6444,D
70725,1.6444,D
70725,1.6444,D
70725,1.6444,D
70725,1.6444,D
70725,1.6444,D
70725,1.6444,D
70725,1.6444,D
70725,1.6444,D
70725,1.6444,D
70725,1.6444,D
71235,1.6444,D
71235,1.6444,D
71235,1.6444,D
71235,1.6444,D
71235,1.6444,D
71235,1.6444,D
71235,1.6444,D
71235,1.6444,D
71235,1.6444,D
71235,1.6444,D
71235,1.6444,D
71738,1.6444,D
71738,1.6444,D
71738,1.6444,D
71738,1.6444,D
71738,1.6444,D
71738,1.6444,D
71738,1.6444,D
71738,1.6444,D
71738,1.6444,D
71738,1.6444,D
71738,1.6444,D
71738,1.6444,D
72239,1.6444,D
72239,1.6444,D
72239,1.6442,D
72239,1.6442,D
72239,1.6442,D
72239,1.6442,D
72239,1.6442,D
72239,1.6442,D
72239,1.6442,D
72239,1.6442,D
72239,1.6442,D
72751,1.6442,D
72751,1.6442,D
72752,1.6442,D
72752,1.6442,D
72752,1.6442,D
72752,1.6442,D
72752,1.6442,D
72752,1.6441,D
72752,1.6441,D
72752,1.6441,D
72752,1.6441,D
72753,1.6441,D
73266,1.6441,D
73266,1.6441,D
73266,1.6441,D
73266,1.6441,D
73266,1.6441,D
73267,1.6441,D
73267,1.6650,D
73267,1.6876,D
73267,1.6885,D
73267,1.6887,D
73267,1.6886,D
73781,1.6884,D
73781,1.6881,D
73781,1.6877,D
73781,1.6874,D
73781,1.6872,D
73781,1.6869,D
73781,1.6867,D
73781,1.6865,D
73781,1.6864,D
73781,1.6862,D
73781,1.6861,D
73781,1.6860,D
74284,1.6859,D
74284,1.6859,D
74284,1.6858,D
74284,1.6856,D
74284,1.6855,D
74284,1.6855,D
74284,1.6855,D
74284,1.6854,D
74284,1.6854,D
74284,1.6854,D
74284,1.6854,D
74284,1.6854,D
74785,1.6854,D
74785,1.6854,D
74785,1.6854,D
74785,1.6854,D
74785,1.6854,D
74785,1.6854,D
74785,1.6854,D
74785,1.6854,D
74785,1.6854,D
74785,1.6854,D
74785,1.6854,D
75292,1.6854,D
75292,1.6853,D
75292,1.6853,D
75292,1.6853,D
75292,1.6853,D
75292,1.6853,D
75292,1.6853,D
75292,1.6853,D
75292,1.6853,D
75292,1.6853,D
75292,1.6853,D
75292,1.6853,D
75807,1.6853,D
75807,1.6853,D
75807,1.6853,D
75807,1.6853,D
75807,1.6853,D
75807,1.6853,D
75807,1.6853,D
75807,1.6853,D
75807,1.6853,D
75807,1.6853,D
75807,1.6853,D
75807,1.6853,D
76320,1.6853,D
76321,1.6853,D
76321,1.6853,D
76321,1.6853,D
76321,1.6853,D
76321,1.6853,D
76321,1.6853,D
76321,1.6853,D
76321,1.6852,D
76321,1.6852,D
76321,1.6852,D
76321,1.6852,D
76830,1.6852,D
76830,1.6852,D
76830,1.6852,D
76830,1.6852,D
76830,1.6852,D
76830,1.6852,D
76830,1.6852,D
76830,1.6852,D
76830,1.6852,D
76830,1.6852,D
76830,1.6852,D
77345,1.6852,D
77345,1.6852,D
77345,1.6852,D
77345,1.6852,D
77345,1.6852,D
77345,1.6852,D
77345,1.6852,D
77345,1.6852,D
77345,1.6852,D
77345,1.6852,D
77345,1.6852,D
77345,1.6852,D
77845,1.6852,D
77845,1.6852,D
77845,1.6852,D
77845,1.6852,D
77845,1.6852,D
77845,1.6852,D
77845,1.6852,D
77845,1.6852,D
77845,1.6852,D
77845,1.6852,D
77846,1.6852,D
78361,1.6852,D
78361,1.6851,D
78361,1.6851,D
78361,1.6851,D
78361,1.6851,D
78361,1.6851,D
78361,1.6851,D
78361,1.6851,D
78361,1.6851,D
78361,1.6851,D
78361,1.6851,D
78361,1.6851,D
78876,1.6851,D
78876,1.6851,D
78876,1.6851,D
78876,1.6851,D
78876,1.6851,D
78876,1.6851,D
78876,1.6851,D
78876,1.6851,D
78876,1.6851,D
78876,1.6851,D
78876,1.6851,D
78876,1.6851,D
79388,1.6851,D
79388,1.6851,D
79388,1.6851,D
79388,1.6851,D
79388,1.6851,D
79388,1.6851,D
79388,1.6851,D
79388,1.6851,D
79388,1.7225,D
79388,1.7287,D
79388,1.7295,D
79388,1.7297,D
79897,1.7296,D
79897,1.7295,D
79897,1.7292,D
79897,1.7289,D
79897,1.7286,D
79897,1.7283,D
79897,1.7281,D
79897,1.7279,D
79897,1.7277,D
79897,1.7275,D
79897,1.7274,D
79897,1.7273,D
80407,1.7272,D
80407,1.7271,D
80407,1.7271,D
80407,1.7270,D
80407,1.7269,D
80407,1.7268,D
80407,1.7268,D
80407,1.7268,D
80407,1.7268,D
80407,1.7267,D
80407,1.7267,D
80915,1.7267,D
80915,1.7267,D
80915,1.7267,D
80915,1.7267,D
80915,1.7267,D
80915,1.7267,D
80915,1.7267,D
80915,1.7267,D
80915,1.7267,D
80915,1.7267,D
80915,1.7267,D
80915,1.7267,D
81424,1.7267,D
81424,1.7267,D
81424,1.7267,D
81424,1.7267,D
81424,1.7267,D
81424,1.7267,D
81424,1.7267,D
81424,1.7267,D
81424,1.7266,D
81424,1.7266,D
81424,1.7266,D
81924,1.7266,D
81925,1.7266,D
81925,1.7266,D
81925,1.7266,D
81925,1.7266,D
81925,1.7266,D
81925,1.7265,D
81925,1.7265,D
81925,1.7265,D
81925,1.7265,D
81925,1.7265,D
81925,1.7265,D
82439,1.7265,D
82439,1.7265,D
82439,1.7265,D
82439,1.7265,D
82439,1.7265,D
82439,1.7265,D
82439,1.7265,D
82439,1.7265,D
82439,1.7265,D
82439,1.7265,D
82439,1.7265,D
82439,1.7265,D
82941,1.7265,D
82941,1.7265,D
82941,1.7265,D
82941,1.7265,D
82941,1.7265,D
82941,1.7265,D
82941,1.7265,D
82941,1.7264,D
82941,1.7264,D
82941,1.7264,D
82941,1.7264,D
83456,1.7264,D
83456,1.7264,D
83456,1.7264,D
83456,1.7264,D
83456,1.7264,D
83456,1.7264,D
83456,1.7264,D
83456,1.7264,D
83456,1.7264,D
83456,1.7264,D
83456,1.7264,D
83456,1.7264,D
83970,1.7264,D
83970,1.7264,D
83970,1.7264,D
83970,1.7264,D
83970,1.7264,D
83970,1.7263,D
83970,1.7263,D
83970,1.7263,D
83970,1.7263,D
83970,1.7263,D
83970,1.7263,D
83970,1.7263,D
84472,1.7263,D
84472,1.7263,D
84472,1.7263,D
84472,1.7263,D
84472,1.7263,D
84472,1.7263,D
84472,1.7263,D
84472,1.7263,D
84473,1.7263,D
84473,1.7263,D
84473,1.7263,D
84972,1.7263,D
84972,1.7263,D
84972,1.7263,D
84972,1.7262,D
84972,1.7262,D
84972,1.7262,D
84972,1.7262,D
84972,1.7262,D
84972,1.7262,D
84972,1.7262,D
84972,1.7262,D
85488,1.7260,D
85488,1.7260,D
85488,1.7260,D
85488,1.7260,D
85488,1.7260,D
85488,1.7260,D
85488,1.7260,D
85488,1.7260,D
85488,1.7260,D
85488,1.7261,D
85488,1.7264,D
85488,1.7688,D
85988,1.7699,D
85988,1.7703,D
85988,1.7705,D
85988,1.7705,D
85988,1.7704,D
85988,1.7701,D
85988,1.7699,D
85988,1.7696,D
85988,1.7694,D
85988,1.7692,D
85988,1.7690,D
86502,1.7688,D
86502,1.7686,D
86502,1.7685,D
86502,1.7684,D
86502,1.7683,D
86502,1.7682,D
86502,1.7682,D
86502,1.7681,D
86502,1.7681,D
86502,1.7679,D
86502,1.7678,D
86502,1.7678,D
87017,1.7678,D
87017,1.7678,D
87017,1.7678,D
87017,1.7678,D
87017,1.7678,D
87017,1.7678,D
87017,1.7678,D
87017,1.7678,D
87017,1.7678,D
87017,1.7678,D
87017,1.7678,D
87017,1.7678,D
87532,1.7678,D
87532,1.7678,D
87532,1.7678,D
87532,1.7678,D
87532,1.7678,D
87532,1.7678,D
87532,1.7678,D
87532,1.7678,D
87532,1.7678,D
87532,1.7678,D
87532,1.7678,D
87532,1.7678,D
88045,1.7678,D
88045,1.7678,D
88045,1.7678,D
88045,1.7678,D
88045,1.7678,D
88045,1.7678,D
88045,1.7678,D
88045,1.7678,D
88045,1.7678,D
88045,1.7678,D
88045,1.7678,D
88045,1.7678,D
88549,1.7678,D
88549,1.7678,D
88549,1.7678,D
88549,1.7678,D
88549,1.7678,D
88549,1.7678,D
88549,1.7678,D
88549,1.7678,D
88549,1.7678,D
88549,1.7678,D
88549,1.7678,D
89050,1.7678,S
89050,1.7678,S
89050,1.7678,S
89050,1.7678,S
89050,1.7678,S
89050,1.7678,S
89050,1.7678,S
89050,1.7678,S
89050,1.7678,S
89050,1.7678,D
89050,1.7678,D
89050,1.7678,D
89563,1.7678,D
89563,1.7678,D
89563,1.7678,D
89563,1.7678,D
89563,1.7678,D
89563,1.7678,D
89563,1.7678,D
89563,1.7678,D
89563,1.7678,D
89563,1.7678,D
89563,1.7678,D
89563,1.7678,D
90078,1.7678,D
90078,1.7678,D
90078,1.7678,D
90078,1.7678,D
90078,1.7678,D
90078,1.7678,D
90079,1.7678,D
90079,1.7678,D
90079,1.7678,D
90079,1.7679,D
90079,1.7679,D
90079,1.7679,D
90592,1.7679,D
90592,1.7679,D
90592,1.7679,D
90592,1.7679,D
90592,1.7679,D
90592,1.7679,D
90592,1.7679,D
90592,1.7679,D
90592,1.7679,D
90592,1.7679,D
90592,1.7679,D
91105,1.7679,D
91106,1.7679,D
91106,1.7679,D
91106,1.7679,D
91106,1.7679,D
91106,1.7679,D
91106,1.7679,D
91106,1.7679,D
91106,1.7679,D
91106,1.7679,D
91106,1.7679,D
91106,1.7679,D
91619,1.7679,D
91619,1.7679,D
91619,1.7679,D
91619,1.7679,D
91619,1.7679,D
91619,1.7679,D
91619,1.7679,D
91619,1.7679,D
91619,1.7678,D
91619,1.7678,S
91619,1.7678,S
91619,1.7777,D
92134,1.8111,D
92134,1.8120,D
92134,1.8122,D
92134,1.8122,D
92134,1.8122,D
92134,1.8120,D
92134,1.8117,D
92135,1.8115,D
92135,1.8112,D
92135,1.8110,D
92135,1.8107,D
92135,1.8105,D
92635,1.8103,D
92635,1.8102,D
92635,1.8101,D
92635,1.8100,D
92635,1.8099,D
92635,1.8098,D
92635,1.8098,D
92635,1.8097,D
92635,1.8096,D
92635,1.8095,D
92635,1.8095,D
93149,1.8095,D
93149,1.8095,D
93149,1.8094,D
93149,1.8094,D
93149,1.8094,D
93149,1.8094,D
93149,1.8094,D
93149,1.8094,D
93149,1.8094,D
93149,1.8094,D
93149,1.8094,D
93149,1.8094,D
93650,1.8094,D
93650,1.8094,D
93650,1.8094,D
93650,1.8094,D
93650,1.8094,D
93650,1.8094,D
93650,1.8094,D
93650,1.8094,D
93650,1.8094,D
93650,1.8094,D
93650,1.8093,D
94151,1.8093,D
94151,1.8093,D
94151,1.8093,D
94151,1.8093,D
94151,1.8093,D
94151,1.8093,D
94151,1.8093,D
94151,1.8093,D
94151,1.8093,D
94151,1.8093,D
94151,1.8093,D
94151,1.8093,D
94652,1.8092,D
94652,1.8092,D
94652,1.8092,D
94652,1.8092,D
94652,1.8092,D
94652,1.8092,D
94652,1.8092,D
94652,1.8092,D
94652,1.8092,D
94652,1.8092,D
94652,1.8092,D
95154,1.8092,D
95154,1.8092,D
95154,1.8092,D
95154,1.8091,D
95154,1.8091,D
95154,1.8091,D
95154,1.8091,D
95154,1.8091,D
95154,1.8091,D
95154,1.8091,D
95154,1.8091,D
95666,1.8091,D
95666,1.8091,D
95666,1.8091,D
95666,1.8091,D
95666,1.8091,D
95666,1.8091,D
95666,1.8091,D
95666,1.8090,D
95666,1.8090,D
95666,1.8090,D
95666,1.8090,D
95666,1.8090,D
96168,1.8090,D
96168,1.8090,D
96168,1.8090,D
96168,1.8090,D
96168,1.8090,D
96168,1.8090,D
96168,1.8090,D
96168,1.8090,D
96168,1.8090,D
96168,1.8090,D
96168,1.8089,D
96168,1.8089,D
96683,1.8089,D
96685,1.8089,D
96685,1.8089,D
96685,1.8089,D
96685,1.8089,D
96685,1.8089,D
96685,1.8089,D
96685,1.8089,D
96685,1.8089,D
96685,1.8089,D
96685,1.8089,D
96685,1.8089,D
97199,1.8089,D
97199,1.8089,D
97199,1.8089,D
97199,1.8089,D
97199,1.8089,D
97199,1.8088,D
97199,1.8088,D
97199,1.8087,D
97199,1.8087,D
97199,1.8087,D
97199,1.8087,D
97199,1.8087,D
97713,1.8087,D
97713,1.8087,D
97713,1.8087,D
97713,1.8087,D
97713,1.8086,D
97713,1.8086,D
97713,1.8086,D
97713,1.8086,D
97713,1.8086,D
97713,1.8086,D
97713,1.8086,D
98228,1.8086,D
98228,1.8087,D
98228,1.8270,D
98228,1.8523,D
98228,1.8532,D
98228,1.8535,D
98228,1.8534,D
98228,1.8533,D
98228,1.8530,D
98228,1.8527,D
98228,1.8524,D
98228,1.8521,D
98730,1.8519,D
98730,1.8517,D
98730,1.8515,D
98730,1.8513,D
98730,1.8512,D
98730,1.8511,D
98730,1.8510,D
98730,1.8509,D
98730,1.8508,D
98730,1.8508,D
98730,1.8507,D
98730,1.8506,D
99234,1.8505,D
99234,1.8505,D
99234,1.8505,D
99234,1.8505,D
99234,1.8505,D
99234,1.8505,D
99234,1.8505,D
99234,1.8505,D
99234,1.8505,D
99234,1.8505,D
99234,1.8505,D
99735,1.8505,D
99735,1.8505,D
99735,1.8505,D
99735,1.8505,D
99735,1.8505,D
99735,1.8504,D
99735,1.8504,D
99735,1.8504,D
99735,1.8504,D
99735,1.8504,D
99735,1.8504,D
99735,1.8504,D
100247,1.8504,D
100247,1.8504,D
100247,1.8504,D
100247,1.8504,D
100247,1.8504,D
100247,1.8504,D
100247,1.8505,D
100247,1.8505,D
100247,1.8505,D
100247,1.8505,D
100247,1.8505,D
100749,1.8505,D
100749,1.8505,D
100749,1.8505,D
100749,1.8505,D
100749,1.8505,D
100749,1.8505,D
100749,1.8505,D
100749,1.8505,D
100749,1.8505,D
100749,1.8505,D
100749,1.8505,D
100749,1.8505,D
101263,1.8505,D
101263,1.8505,D
101263,1.8505,D
101263,1.8505,D
101263,1.8505,D
101263,1.8505,D
101263,1.8505,D
101263,1.8505,D
101263,1.8505,D
101263,1.8505,D
101263,1.8505,D
101263,1.8505,D
101764,1.8505,D
101764,1.8505,D
101764,1.8505,D
101764,1.8505,D
101764,1.8505,D
101764,1.8505,D
101764,1.8505,D
101764,1.8505,D
101764,1.8505,D
101764,1.8505,D
101764,1.8505,D
102277,1.8505,D
102277,1.8505,D
102277,1.8505,D
102277,1.8505,D
102277,1.8505,D
102277,1.8505,D
102277,1.8505,D
102277,1.8505,D
102277,1.8505,D
102277,1.8505,D
102277,1.8505,D
102277,1.8505,D
102793,1.8505,D
102793,1.8505,D
102793,1.8505,D
102793,1.8505,D
102793,1.8505,D
102793,1.8505,S
102793,1.8505,S
102793,1.8505,S
102793,1.8505,S
102793,1.8505,S
102793,1.8505,S
103308,1.8505,S
103308,1.8505,S
103308,1.8505,S
103308,1.8505,S
103308,1.8505,S
103308,1.8505,S
103308,1.8505,S
103308,1.8505,S
103308,1.8505,S
103308,1.8505,S
103308,1.8505,S
103809,1.8505,S
103809,1.8505,S
103809,1.8505,S
103809,1.8505,S
103809,1.8505,S
103809,1.8505,S
103810,1.8505,S
103810,1.8505,S
103810,1.8505,S
103810,1.8505,S
103810,1.8505,S
103810,1.8505,S
104324,1.8505,S
104324,1.8505,S
104324,1.8505,S
104324,1.8505,S
104324,1.8942,D
104324,1.8953,D
104324,1.8953,D
104324,1.8949,D
104324,1.8946,D
104324,1.8942,D
104324,1.8939,D
104838,1.8936,D
104838,1.8933,D
104838,1.8931,D
104838,1.8929,D
104838,1.8928,D
104838,1.8926,D
104838,1.8925,D
104838,1.8925,D
104838,1.8924,D
104838,1.8924,D
104838,1.8923,D
104838,1.8923,D
105354,1.8921,D
105354,1.8921,D
105354,1.8921,D
105354,1.8921,D
105354,1.8920,D
105354,1.8920,D
105354,1.8920,D
105354,1.8920,D
105354,1.8920,D
105354,1.8919,D
105354,1.8919,D
105354,1.8919,D
105868,1.8919,D
105868,1.8919,D
105868,1.8919,D
105868,1.8919,D
105868,1.8918,D
105868,1.8918,D
105868,1.8918,D
105868,1.8918,D
105868,1.8918,D
105868,1.8918,D
105868,1.8918,D
105868,1.8918,D
106383,1.8918,D
106383,1.8918,D
106383,1.8919,D
106383,1.8919,D
106383,1.8919,D
106383,1.8918,D
106383,1.8918,D
106383,1.8918,D
106383,1.8918,D
106383,1.8918,D
106383,1.8918,D
106383,1.8918,D
106883,1.8918,D
106883,1.8918,D
106883,1.8918,D
106883,1.8918,D
106883,1.8918,D
106883,1.8918,D
106883,1.8918,D
106883,1.8918,D
106883,1.8918,D
106883,1.8918,D
106883,1.8918,D
107398,1.8918,D
107398,1.8918,D
107398,1.8918,D
107398,1.8918,D
107398,1.8918,D
107398,1.8918,D
107398,1.8918,D
107398,1.8918,D
107398,1.8918,D
107398,1.8918,D
107398,1.8918,D
107398,1.8918,D
107914,1.8918,D
107914,1.8918,D
107914,1.8918,D
107914,1.8918,D
107914,1.8918,D
107914,1.8918,D
107914,1.8918,D
107914,1.8918,D
107914,1.8918,D
107914,1.8918,D
107914,1.8918,D
107914,1.8918,D
108416,1.8918,D
108416,1.8918,D
108416,1.8918,D
108416,1.8918,D
108416,1.8918,D
108416,1.8918,D
108417,1.8918,D
108417,1.8918,D
108417,1.8917,D
108417,1.8917,D
108417,1.8917,D
108920,1.8917,D
108920,1.8917,D
108920,1.8917,D
108920,1.8917,D
108920,1.8917,D
108920,1.8917,D
108920,1.8917,D
108920,1.8917,D
108920,1.8917,D
108920,1.8917,D
108920,1.8917,D
108920,1.8917,D
109422,1.8917,D
109422,1.8917,D
109422,1.8917,D
109422,1.8917,D
109422,1.8917,D
109422,1.8917,D
109422,1.8917,D
109422,1.8917,D
109422,1.8917,D
109422,1.8917,D
109422,1.8917,D
109937,1.8917,D
109937,1.8917,D
109937,1.8917,D
109937,1.8917,D
109937,1.8917,D
109937,1.8917,D
109937,1.8917,D
109937,1.8917,D
109937,1.8917,D
109937,1.8917,D
109937,1.8916,D
109937,1.8916,D
110438,1.8916,D
110438,1.8916,D
110438,1.8916,D
110438,1.8916,D
110438,1.8916,D
110438,1.9126,D
110438,1.9354,D
110438,1.9364,D
110438,1.9366,D
110438,1.9366,D
110438,1.9364,D
110438,1.9362,D
110950,1.9359,D
110950,1.9356,D
110950,1.9354,D
110950,1.9352,D
110950,1.9350,D
110950,1.9348,D
110950,1.9346,D
110950,1.9345,D
110950,1.9344,D
110950,1.9343,D
110950,1.9342,D
111465,1.9342,D
111465,1.9341,D
111465,1.9341,D
111465,1.9339,D
111465,1.9339,D
111465,1.9339,D
111465,1.9339,D
111465,1.9338,D
111465,1.9338,D
111465,1.9338,D
111465,1.9338,D
111465,1.9338,D
111966,1.9338,D
111966,1.9338,D
111966,1.9338,D
111966,1.9338,D
111966,1.9338,D
111966,1.9338,D
111966,1.9338,D
111966,1.9338,D
111966,1.9338,D
111966,1.9337,D
111966,1.9337,D
111966,1.9337,D
112481,1.9337,D
112481,1.9337,D
112481,1.9337,D
112481,1.9337,D
112481,1.9337,D
112481,1.9336,D
112481,1.9336,D
112481,1.9336,D
112481,1.9336,D
112481,1.9336,D
112481,1.9336,D
112993,1.9336,D
112994,1.9336,D
112994,1.9336,D
112994,1.9335,D
112994,1.9335,D
112994,1.9335,D
112994,1.9335,D
112994,1.9335,D
112994,1.9335,D
112994,1.9335,D
112994,1.9335,D
112994,1.9335,D
113497,1.9335,D
113497,1.9335,D
113497,1.9335,D
113497,1.9335,D
113497,1.9335,D
113497,1.9335,D
113497,1.9335,D
113497,1.9334,D
113497,1.9334,D
113497,1.9334,D
113497,1.9334,D
113998,1.9334,D
113998,1.9334,D
113998,1.9334,D
113998,1.9334,D
113998,1.9334,D
113998,1.9334,D
113998,1.9334,D
113998,1.9334,D
113998,1.9334,D
113998,1.9333,D
113998,1.9333,D
113998,1.9333,D
114499,1.9333,D
114499,1.9333,D
114499,1.9333,D
114499,1.9333,D
114499,1.9333,D
114499,1.9333,D
114499,1.9333,D
114499,1.9333,D
114499,1.9333,D
114499,1.9333,D
114499,1.9333,D
114499,1.9333,D
115014,1.9333,D
115014,1.9333,D
115014,1.9333,D
115014,1.9333,D
115014,1.9333,D
115014,1.9333,D
115014,1.9333,D
115014,1.9333,D
115014,1.9333,D
115014,1.9333,D
115014,1.9333,D
115519,1.9333,D
115519,1.9333,D
115519,1.9333,D
115519,1.9333,D
115519,1.9333,D
115519,1.9332,D
115519,1.9332,D
115519,1.9332,D
115519,1.9332,D
115519,1.9332,D
115519,1.9332,D
115519,1.9332,D
116021,1.9332,D
116021,1.9332,D
116021,1.9332,D
116021,1.9332,D
116021,1.9332,D
116021,1.9332,D
116021,1.9332,D
116021,1.9332,D
116021,1.9332,D
116021,1.9332,D
116021,1.9332,D
116529,1.9332,D
116529,1.9332,D
116529,1.9332,D
116529,1.9332,D
116529,1.9332,D
116529,1.9332,D
116529,1.9332,D
116529,1.9332,D
116529,1.9540,D
116529,1.9764,D
116529,1.9773,D
116529,1.9777,D
117030,1.9778,D
117030,1.9777,D
117030,1.9775,D
117030,1.9772,D
117030,1.9770,D
117030,1.9767,D
117030,1.9765,D
117030,1.9763,D
117030,1.9761,D
117030,1.9759,D
117030,1.9757,D
117030,1.9756,D
117532,1.9755,D
117532,1.9755,D
117532,1.9754,D
117532,1.9753,D
117532,1.9753,D
117532,1.9752,D
117532,1.9751,D
117532,1.9751,D
117532,1.9750,D
117532,1.9750,D
117532,1.9750,D
118036,1.9750,D
118036,1.9750,D
118036,1.9750,D
118036,1.9750,D
118036,1.9750,D
118036,1.9750,D
118036,1.9750,D
118036,1.9750,D
118036,1.9750,D
118036,1.9750,D
118036,1.9749,D
118036,1.9749,D
118541,1.9749,D
118541,1.9749,D
118541,1.9749,D
118541,1.9749,D
118541,1.9749,D
118541,1.9749,D
118541,1.9749,D
118541,1.9749,D
118541,1.9749,D
118541,1.9749,D
118541,1.9749,D
119045,1.9748,D
119045,1.9748,D
119045,1.9748,D
119045,1.9748,D
119045,1.9748,D
119045,1.9748,D
119045,1.9748,D
119045,1.9748,D
119046,1.9748,D
119046,1.9748,D
119046,1.9748,D
119046,1.9748,D
119560,1.9748,D
119560,1.9748,D
119560,1.9748,D
119560,1.9748,D
119561,1.9748,D
119561,1.9748,D
119561,1.9748,D
119561,1.9747,D
119561,1.9747,D
119561,1.9747,D
119561,1.9747,D
120073,1.9747,D
120073,1.9747,D
120073,1.9747,D
120073,1.9747,D
120073,1.9747,D
120073,1.9747,D
120073,1.9747,D
120073,1.9747,D
120073,1.9747,D
120073,1.9747,D
120073,1.9747,D
120073,1.9747,D
120577,1.9747,D
120577,1.9747,D
120577,1.9747,D
120577,1.9747,D
120577,1.9747,D
120577,1.9747,D
120577,1.9747,D
120577,1.9747,D
120577,1.9747,D
120577,1.9746,D
120577,1.9746,D
121092,1.9746,D
121092,1.9746,D
121092,1.9746,D
121092,1.9746,D
121092,1.9746,D
121092,1.9746,D
121092,1.9746,D
121092,1.9746,D
121092,1.9746,D
121092,1.9746,D
121092,1.9746,D
121092,1.9746,D
121606,1.9746,D
121606,1.9746,D
121606,1.9746,D
121606,1.9746,D
121606,1.9746,D
121606,1.9746,D
121606,1.9746,D
121606,1.9746,D
121606,1.9746,D
121606,1.9746,D
121606,1.9746,D
121606,1.9746,D
122120,1.9746,D
122121,1.9746,D
122121,1.9746,D
122121,1.9746,D
122121,1.9746,D
122121,1.9746,D
122121,1.9746,D
122121,1.9746,D
122121,1.9746,D
122121,1.9746,D
122121,1.9746,D
122121,1.9746,D
122623,1.9746,D
122623,1.9746,D
122623,1.9746,D
122623,1.9746,D
122623,1.9746,D
122623,1.9746,D
122623,1.9746,D
122623,1.9746,D
122623,1.9746,D
122623,1.9746,D
122623,1.9927,D
122623,2.0178,D
123138,2.0187,D
123139,2.0189,D
123139,2.0189,D
123139,2.0189,D
123139,2.0187,D
123139,2.0184,D
123139,2.0181,D
123139,2.0179,D
123139,2.0176,D
123139,2.0174,D
123139,2.0172,D
123642,2.0170,D
123642,2.0169,D
123642,2.0168,D
123642,2.0167,D
123642,2.0166,D
123642,2.0165,D
123642,2.0165,D
123642,2.0164,D
123642,2.0163,D
123642,2.0162,D
123642,2.0162,D
123642,2.0162,D
124144,2.0162,D
124144,2.0162,D
124144,2.0161,D
124144,2.0161,D
124144,2.0161,D
124144,2.0161,D
124144,2.0161,D
124144,2.0161,D
124144,2.0161,D
124144,2.0161,D
124144,2.0161,D
124645,2.0161,D
124645,2.0161,D
124645,2.0161,D
124645,2.0161,D
124645,2.0161,D
124645,2.0161,D
124645,2.0161,D
124645,2.0161,D
124645,2.0161,D
124645,2.0161,D
124645,2.0161,D
124645,2.0161,D
125149,2.0161,D
125149,2.0161,D
125149,2.0161,D
125149,2.0160,D
125149,2.0160,D
125149,2.0160,D
125149,2.0160,D
125149,2.0160,D
125149,2.0160,D
125149,2.0160,D
125149,2.0160,D
125656,2.0160,D
125656,2.0160,D
125657,2.0160,D
125657,2.0160,D
125657,2.0160,D
125657,2.0160,D
125657,2.0160,D
125657,2.0160,D
125657,2.0160,D
125657,2.0159,D
125657,2.0159,D
125657,2.0159,D
126162,2.0159,D
126162,2.0159,D
126162,2.0159,D
126162,2.0159,D
126162,2.0159,D
126162,2.0159,D
126162,2.0159,D
126162,2.0159,D
126162,2.0159,D
126162,2.0159,D
126162,2.0159,D
126672,2.0159,D
126672,2.0159,D
126672,2.0159,D
126672,2.0159,D
126672,2.0158,D
126672,2.0158,D
126672,2.0158,D
126672,2.0158,D
126672,2.0158,D
126672,2.0158,D
126672,2.0158,D
126672,2.0158,D
127175,2.0158,D
127175,2.0158,D
127175,2.0158,D
127175,2.0158,D
127175,2.0158,D
127175,2.0158,D
127175,2.0158,D
127175,2.0157,D
127175,2.0157,D
127175,2.0157,D
127175,2.0157,D
127175,2.0157,D
127680,2.0157,D
127680,2.0157,D
127680,2.0157,D
127680,2.0157,D
127680,2.0157,D
127680,2.0157,D
127680,2.0157,D
127680,2.0157,D
127680,2.0157,D
127680,2.0157,D
127680,2.0157,D
128181,2.0157,D
128181,2.0157,D
128181,2.0157,D
128181,2.0157,D
128181,2.0157,D
128181,2.0157,D
128181,2.0157,D
128181,2.0157,D
128181,2.0157,D
128181,2.0156,D
128181,2.0156,D
128683,2.0156,D
128683,2.0156,D
128683,2.0156,D
128683,2.0156,D
128683,2.0156,D
128683,2.0156,D
128683,2.0156,D
128683,2.0156,D
128683,2.0156,D
128683,2.0156,D
128683,2.0156,D
128683,2.0156,D
129184,2.0156,D
129184,2.0156,D
129184,2.0284,D
129184,2.0593,D
129184,2.0602,D
129184,2.0605,D
129184,2.0604,D
129184,2.0603,D
129184,2.0600,D
129184,2.0597,D
129184,2.0594,D
129697,2.0592,D
129697,2.0589,D
129697,2.0587,D
129697,2.0586,D
129697,2.0584,D
129697,2.0583,D
129697,2.0582,D
129697,2.0581,D
129697,2.0580,D
129697,2.0579,D
129697,2.0579,D
129697,2.0577,D
129697,2.0576,D
130198,2.0576,D
130198,2.0575,D
130198,2.0575,D
130198,2.0575,D
130198,2.0575,D
130198,2.0575,D
130198,2.0575,D
130198,2.0575,D
130198,2.0575,D
130198,2.0575,D
130198,2.0574,D
130713,2.0574,D
130713,2.0574,D
130713,2.0573,D
130713,2.0573,D
130713,2.0573,D
130713,2.0574,D
130713,2.0574,D
130713,2.0574,D
130713,2.0574,D
130713,2.0574,D
130714,2.0574,D
130714,2.0574,D
131214,2.0574,D
131214,2.0574,D
131214,2.0574,D
131214,2.0574,D
131214,2.0573,D
131214,2.0573,D
131214,2.0573,D
131214,2.0573,D
131214,2.0573,D
131214,2.0573,D
131214,2.0572,D
131728,2.0572,D
131728,2.0572,D
131728,2.0572,D
131728,2.0572,D
131728,2.0572,D
131728,2.0572,D
131728,2.0572,D
131728,2.0572,D
131728,2.0572,D
131728,2.0572,D
131728,2.0572,D
131728,2.0572,D
132228,2.0572,D
132228,2.0572,D
132228,2.0572,D
132228,2.0572,D
132228,2.0572,D
132228,2.0572,D
132228,2.0572,D
132228,2.0572,D
132228,2.0572,D
132228,2.0572,D
132228,2.0572,D
132741,2.0572,D
132741,2.0572,D
132741,2.0572,D
132741,2.0572,D
132741,2.0572,D
132741,2.0572,D
132741,2.0572,D
132741,2.0572,D
132741,2.0572,D
132741,2.0572,D
132741,2.0572,D
132741,2.0571,D
133241,2.0571,D
133242,2.0571,D
133242,2.0571,D
133242,2.0571,D
133242,2.0571,D
133242,2.0571,D
133242,2.0571,D
133242,2.0571,D
133242,2.0571,D
133242,2.0571,D
133242,2.0571,D
133242,2.0571,D
133746,2.0571,D
133746,2.0571,D
133746,2.0571,D
133746,2.0571,D
133746,2.0571,D
133746,2.0571,D
133746,2.0571,D
133746,2.0570,D
133746,2.0570,D
133746,2.0570,D
133746,2.0570,D
134249,2.0569,D
134249,2.0569,D
134249,2.0569,D
134249,2.0569,D
134249,2.0569,D
134249,2.0569,D
134249,2.0569,D
134249,2.0569,D
134249,2.0568,D
134249,2.0568,D
134249,2.0568,D
134249,2.0567,D
134751,2.0567,D
134751,2.0567,D
134751,2.0567,D
134751,2.0567,D
134751,2.0567,D
134751,2.0567,D
134751,2.0567,D
134751,2.0567,D
134751,2.0567,D
134751,2.0567,D
134751,2.0567,D
135252,2.0567,D
135252,2.0567,D
135252,2.0568,D
135252,2.0568,D
135252,2.0569,D
135252,2.0999,D
135252,2.1011,D
135252,2.1015,D
135252,2.1015,D
135252,2.1014,D
135252,2.1012,D
135754,2.1009,D
135754,2.1006,D
135754,2.1003,D
135754,2.1000,D
135754,2.0999,D
135754,2.0997,D
135754,2.0995,D
135754,2.0994,D
135755,2.0992,D
135755,2.0991,D
135755,2.0990,D
135755,2.0989,D
136257,2.0989,D
136257,2.0988,D
136257,2.0987,D
136257,2.0986,D
136257,2.0986,D
136257,2.0986,D
136257,2.0985,D
136257,2.0985,D
136257,2.0985,D
136257,2.0985,D
136257,2.0985,D
136257,2.0985,D
136757,2.0985,D
136757,2.0985,D
136757,2.0985,D
136757,2.0985,D
136757,2.0985,D
136757,2.0985,D
136757,2.0985,D
136757,2.0985,D
136757,2.0985,D
136757,2.0985,D
136757,2.0985,D
137272,2.0985,D
137272,2.0985,D
137272,2.0985,D
137272,2.0985,D
137272,2.0985,D
137272,2.0985,D
137272,2.0985,D
137272,2.0985,D
137272,2.0985,D
137272,2.0984,D
137272,2.0984,D
137272,2.0984,D
137781,2.0984,D
137781,2.0984,D
137781,2.0984,D
137781,2.0984,D
137781,2.0984,D
137781,2.0984,D
137781,2.0984,D
137781,2.0984,D
137781,2.0984,D
137781,2.0984,D
137781,2.0984,D
137781,2.0984,D
138295,2.0984,D
138295,2.0984,D
138295,2.0984,D
138295,2.0984,D
138295,2.0984,D
138295,2.0984,D
138295,2.0984,D
138295,2.0984,D
138295,2.0984,D
138295,2.0984,D
138295,2.0984,D
138810,2.0984,D
138810,2.0984,D
138810,2.0984,D
138810,2.0984,D
138810,2.0983,D
138810,2.0983,D
138810,2.0983,D
138810,2.0983,D
138810,2.0983,D
138810,2.0983,D
138810,2.0983,D
138810,2.0983,D
139323,2.0983,D
139323,2.0983,D
139323,2.0983,D
139323,2.0983,D
139323,2.0983,D
139323,2.0983,D
139323,2.0983,D
139323,2.0983,D
139323,2.0983,D
139323,2.0983,D
139323,2.0983,D
139323,2.0983,D
139838,2.0983,D
139838,2.0983,D
139838,2.0983,D
139838,2.0983,D
139838,2.0983,D
139838,2.0983,D
139838,2.0983,D
139838,2.0982,D
139838,2.0982,D
139838,2.0982,D
139838,2.0982,D
139838,2.0982,D
140351,2.0982,D
140351,2.0982,D
140351,2.0982,D
140351,2.0982,D
140351,2.0982,D
140351,2.0982,D
140351,2.0982,D
140351,2.0982,D
140351,2.0982,D
140351,2.0982,D
140351,2.0982,D
140351,2.0982,D
140866,2.0982,D
140866,2.0982,D
140866,2.0982,D
140866,2.0982,D
140866,2.0982,D
140866,2.0982,D
140866,2.0982,D
140866,2.0982,D
140866,2.0982,D
140866,2.0982,D
140866,2.0982,D
141382,2.0982,D
141382,2.0982,D
141382,2.0982,D
141382,2.0982,D
141382,2.0982,D
141382,2.0982,D
141382,2.1337,D
141382,2.1426,D
141382,2.1432,D
141383,2.1430,D
141383,2.1426,D
141383,2.1422,D
141894,2.1417,D
141894,2.1414,D
141894,2.1410,D
141894,2.1407,D
141894,2.1404,D
141894,2.1402,D
141894,2.1400,D
141894,2.1399,D
141894,2.1398,D
141894,2.1398,D
141894,2.1399,D
141894,2.1399,D
142397,2.1399,D
142397,2.1399,D
142397,2.1399,D
142397,2.1399,D
142397,2.1399,D
142397,2.1399,D
142397,2.1399,D
142397,2.1399,D
142397,2.1399,D
142397,2.1399,D
142397,2.1399,D
142912,2.1399,D
142912,2.1399,D
142912,2.1399,D
142912,2.1399,D
142912,2.1399,D
142912,2.1399,D
142912,2.1399,D
142912,2.1399,D
142912,2.1399,D
142912,2.1399,D
142912,2.1399,D
142912,2.1399,D
143414,2.1399,D
143414,2.1399,D
143414,2.1399,D
143414,2.1399,D
143414,2.1398,D
143414,2.1398,D
143414,2.1398,D
143414,2.1398,D
143414,2.1399,D
143414,2.1399,D
143414,2.1399,D
143915,2.1399,D
143915,2.1399,D
143915,2.1399,D
143915,2.1399,D
143915,2.1399,D
143915,2.1399,D
143915,2.1399,D
143915,2.1399,D
143915,2.1399,D
143915,2.1399,D
143915,2.1399,D
144430,2.1399,D
144430,2.1399,D
144430,2.1399,D
144430,2.1399,D
144430,2.1399,D
144430,2.1399,D
144430,2.1399,D
144430,2.1399,D
144430,2.1399,D
144430,2.1399,D
144430,2.1399,D
144430,2.1399,D
144430,2.1399,D
144945,2.1399,D
144945,2.1399,D
144945,2.1399,D
144945,2.1399,D
144945,2.1399,D
144945,2.1399,D
144945,2.1399,D
144945,2.1400,D
144945,2.1400,D
144945,2.1400,D
144945,2.1400,D
145451,2.1400,D
145451,2.1400,D
145451,2.1400,D
145451,2.1400,D
145451,2.1400,D
145452,2.1400,D
145452,2.1400,D
145452,2.1400,D
145452,2.1400,D
145452,2.1400,D
145452,2.1400,D
145452,2.1400,D
145966,2.1400,D
145966,2.1400,D
145966,2.1400,D
145966,2.1400,D
145966,2.1400,D
145966,2.1400,D
145966,2.1400,D
145966,2.1400,D
145966,2.1400,D
145966,2.1400,D
145966,2.1400,D
145966,2.1400,D
146469,2.1400,D
146469,2.1400,D
146469,2.1400,D
146469,2.1400,D
146469,2.1400,D
146469,2.1400,D
146469,2.1400,D
146469,2.1400,D
146469,2.1400,D
146469,2.1400,D
146469,2.1400,D
146983,2.1400,D
146983,2.1400,D
146983,2.1400,D
146983,2.1400,D
146983,2.1400,D
146983,2.1400,D
146983,2.1400,D
146983,2.1400,D
146983,2.1400,D
146983,2.1400,D
146983,2.1400,S
147490,2.1400,S
147490,2.1400,S
147490,2.1400,S
147490,2.1400,S
147490,2.1400,S
147490,2.1400,S
147490,2.1400,S
147490,2.1472,D
147490,2.1829,D
147490,2.1839,D
147490,2.1841,D
147490,2.1841,D
148002,2.1840,D
148002,2.1839,D
148002,2.1836,D
148002,2.1833,D
148002,2.1831,D
148002,2.1829,D
148002,2.1827,D
148002,2.1825,D
148002,2.1823,D
148002,2.1822,D
148002,2.1820,D
148516,2.1819,D
148516,2.1818,D
148516,2.1817,D
148516,2.1817,D
148516,2.1816,D
148516,2.1814,D
148516,2.1813,D
148516,2.1813,D
148516,2.1813,D
148516,2.1813,D
148516,2.1813,D
148516,2.1812,D
149031,2.1812,D
149031,2.1812,D
149031,2.1812,D
149031,2.1811,D
149031,2.1811,D
149031,2.1811,D
149031,2.1811,D
149031,2.1810,D
149031,2.1810,D
149031,2.1810,D
149031,2.1810,D
149031,2.1810,D
149545,2.1810,D
149545,2.1810,D
149545,2.1810,D
149545,2.1809,D
149545,2.1809,D
149545,2.1809,D
149545,2.1809,D
149545,2.1809,D
149545,2.1809,D
149545,2.1809,D
149545,2.1809,D
150052,2.1808,D
150052,2.1808,D
150052,2.1808,D
150052,2.1808,D
150052,2.1808,D
150052,2.1808,D
150052,2.1808,D
150052,2.1808,D
150052,2.1808,D
150052,2.1807,D
150052,2.1807,D
150560,2.1807,D
150560,2.1807,D
150560,2.1807,D
150560,2.1807,D
150560,2.1807,D
150560,2.1807,D
150560,2.1807,D
150560,2.1806,D
150560,2.1806,D
150560,2.1806,D
150560,2.1806,D
150560,2.1806,D
151069,2.1806,D
151069,2.1806,D
151069,2.1806,D
151069,2.1805,D
151069,2.1803,D
151069,2.1803,D
151069,2.1803,D
151069,2.1803,D
151069,2.1803,D
151069,2.1803,D
151069,2.1803,D
151069,2.1803,D
151573,2.1802,D
151573,2.1802,D
151573,2.1802,D
151573,2.1802,D
151573,2.1802,D
151573,2.1802,D
151573,2.1802,D
151573,2.1802,D
151573,2.1802,D
151573,2.1802,D
151573,2.1802,D
152087,2.1802,D
152087,2.1802,D
152087,2.1802,D
152087,2.1801,D
152087,2.1801,D
152087,2.1801,D
152087,2.1801,D
152087,2.1801,D
152087,2.1801,D
152087,2.1801,D
152087,2.1801,D
152087,2.1801,D
152588,2.1801,D
152588,2.1801,D
152588,2.1801,D
152588,2.1801,D
152588,2.1801,D
152588,2.1801,D
152588,2.1801,D
152588,2.1801,D
152588,2.1801,D
152588,2.1801,D
152588,2.1801,D
153101,2.1801,D
153101,2.1801,D
153101,2.1800,D
153101,2.1800,D
153101,2.1800,D
153101,2.1800,D
153101,2.1800,D
153101,2.1800,D
153101,2.1800,D
153101,2.1800,D
153101,2.1800,D
153101,2.1800,D
153610,2.1800,D
153610,2.1800,D
153610,2.1800,D
153610,2.1800,D
153610,2.1800,D
153610,2.1800,D
153610,2.1800,D
153610,2.1800,D
153610,2.1800,D
153610,2.1982,D
153610,2.2239,D
153610,2.2244,D
154121,2.2243,D
154121,2.2244,D
154121,2.2244,D
154121,2.2241,D
154121,2.2238,D
154121,2.2234,D
154121,2.2231,D
154121,2.2229,D
154121,2.2226,D
154121,2.2224,D
154121,2.2223,D
154630,2.2221,D
154630,2.2220,D
154630,2.2220,D
154630,2.2219,D
154630,2.2218,D
154630,2.2218,D
154630,2.2217,D
154630,2.2215,D
154630,2.2215,D
154630,2.2215,D
154630,2.2214,D
154630,2.2214,D
155144,2.2214,D
155144,2.2214,D
155144,2.2214,D
155144,2.2214,D
155144,2.2214,D
155144,2.2214,D
155144,2.2214,D
155144,2.2214,D
155144,2.2214,D
155144,2.2214,D
155144,2.2214,D
155144,2.2214,D
155659,2.2213,D
155659,2.2212,D
155659,2.2212,D
155659,2.2212,D
155659,2.2212,D
155659,2.2212,D
155659,2.2212,D
155659,2.2212,D
155659,2.2212,D
155659,2.2212,D
155659,2.2212,D
155659,2.2212,D
156160,2.2212,D
156160,2.2212,D
156160,2.2212,D
156160,2.2212,D
156160,2.2212,D
156160,2.2212,D
156160,2.2212,D
156160,2.2212,D
156160,2.2212,D
156160,2.2212,D
156160,2.2212,D
156675,2.2212,D
156675,2.2212,D
156675,2.2212,D
156675,2.2212,D
156675,2.2212,D
156675,2.2211,D
156675,2.2211,D
156675,2.2211,D
156675,2.2211,D
156675,2.2211,D
156675,2.2211,D
156675,2.2211,D
157191,2.2211,D
157191,2.2211,D
157191,2.2211,D
157191,2.2211,D
157191,2.2210,D
157191,2.2210,D
157191,2.2210,D
157191,2.2210,D
157191,2.2210,D
157191,2.2210,D
157191,2.2210,D
157191,2.2210,D
157706,2.2210,D
157706,2.2210,D
157706,2.2210,D
157706,2.2210,D
157706,2.2210,D
157706,2.2210,D
157706,2.2210,D
157706,2.2210,D
157706,2.2210,D
157706,2.2210,D
157706,2.2210,D
157706,2.2210,D
158221,2.2210,D
158221,2.2210,D
158221,2.2210,D
158221,2.2210,D
158221,2.2210,D
158221,2.2210,D
158221,2.2210,D
158221,2.2210,D
158221,2.2210,D
158221,2.2210,D
158221,2.2210,D
158734,2.2210,D
158734,2.2210,D
158734,2.2210,D
158734,2.2210,D
158734,2.2210,D
158734,2.2210,D
158734,2.2210,D
158734,2.2210,D
158734,2.2210,D
158734,2.2210,D
158734,2.2210,D
158734,2.2210,D
159247,2.2210,D
159247,2.2210,D
159247,2.2210,D
159247,2.2210,D
159247,2.2210,D
159247,2.2210,D
159247,2.2210,D
159247,2.2210,D
159247,2.2210,D
159247,2.2210,S
159247,2.2210,S
159247,2.2210,S
159748,2.2210,S
159748,2.2210,S
159748,2.2210,S
159748,2.2210,S
159748,2.2210,S
159748,2.2210,S
159748,2.2210,S
159748,2.2210,D
159748,2.2257,D
159748,2.2627,D
159748,2.2653,D
160260,2.2655,D
160260,2.2655,D
160260,2.2657,D
160260,2.2656,D
160260,2.2653,D
160260,2.2650,D
160260,2.2647,D
160260,2.2645,D
160260,2.2642,D
160260,2.2639,D
160260,2.2637,D
160260,2.2635,D
160774,2.2633,D
160774,2.2631,D
160774,2.2630,D
160774,2.2629,D
160774,2.2624,D
160774,2.2621,D
160774,2.2621,D
160774,2.2622,D
160774,2.2623,D
160774,2.2624,D
160774,2.2624,D
160774,2.2624,D
161291,2.2623,D
161291,2.2623,D
161291,2.2624,D
161291,2.2625,D
161291,2.2625,D
161291,2.2626,D
161291,2.2627,D
161291,2.2627,D
161291,2.2627,D
161291,2.2627,D
161291,2.2626,D
161291,2.2625,D
161804,2.2625,D
161804,2.2624,D
161804,2.2623,D
161804,2.2622,D
161804,2.2622,D
161804,2.2621,D
161804,2.2621,D
161804,2.2621,D
161804,2.2621,D
161804,2.2621,D
161804,2.2621,D
162305,2.2621,D
162305,2.2621,D
162305,2.2621,D
162305,2.2621,D
162305,2.2621,D
162305,2.2621,D
162305,2.2621,D
162305,2.2621,D
162305,2.2621,D
162305,2.2621,D
162305,2.2621,D
162305,2.2621,D
162818,2.2621,D
162818,2.2621,D
162818,2.2621,D
162818,2.2621,D
162818,2.2621,D
162818,2.2621,D
162818,2.2621,D
162818,2.2621,D
162818,2.2621,D
162818,2.2621,D
162818,2.2621,D
162818,2.2621,D
163330,2.2621,D
163330,2.2621,D
163330,2.2621,D
163330,2.2621,D
163330,2.2621,D
163330,2.2621,D
163330,2.2621,D
163330,2.2621,D
163330,2.2620,D
163330,2.2620,D
163330,2.2620,D
163830,2.2620,D
163830,2.2620,D
163830,2.2620,D
163830,2.2620,D
163830,2.2620,D
163830,2.2620,D
163830,2.2620,D
163830,2.2620,D
163830,2.2620,D
163832,2.2620,D
163832,2.2620,D
163832,2.2620,D
164333,2.2620,D
164333,2.2620,D
164333,2.2620,D
164333,2.2620,D
164333,2.2620,D
164333,2.2620,D
164333,2.2619,D
164333,2.2619,D
164333,2.2619,D
164333,2.2619,D
164333,2.2619,D
164835,2.2619,D
164835,2.2619,D
164835,2.2619,D
164835,2.2619,D
164835,2.2619,D
164835,2.2619,D
164835,2.2619,D
164835,2.2619,D
164835,2.2619,D
164835,2.2619,D
164835,2.2619,D
164835,2.2619,D
165337,2.2619,D
165337,2.2619,D
165337,2.2619,D
165337,2.2619,D
165337,2.2619,D
165337,2.2619,D
165337,2.2619,D
165337,2.2619,D
165337,2.2619,D
165337,2.2619,D
165337,2.2619,D
165839,2.2619,D
165839,2.2619,D
165839,2.2619,D
165839,2.2619,D
165839,2.2619,D
165839,2.2619,D
165839,2.2619,D
165839,2.2619,D
165839,2.2619,D
165839,2.2619,D
165839,2.2619,D
165839,2.2619,D
166353,2.2858,D
166354,2.3057,D
166354,2.3067,D
166354,2.3068,D
166354,2.3067,D
166354,2.3066,D
166354,2.3063,D
166354,2.3060,D
166354,2.3057,D
166354,2.3055,D
166354,2.3053,D
166866,2.3051,D
166866,2.3049,D
166866,2.3047,D
166866,2.3046,D
166866,2.3045,D
166866,2.3044,D
166866,2.3043,D
166866,2.3043,D
166866,2.3042,D
166867,2.3040,D
166867,2.3040,D
166867,2.3039,D
167381,2.3039,D
167381,2.3039,D
167381,2.3038,D
167381,2.3038,D
167381,2.3038,D
167381,2.3038,D
167381,2.3038,D
167381,2.3038,D
167381,2.3038,D
167381,2.3037,D
167381,2.3037,D
167381,2.3037,D
167895,2.3037,D
167895,2.3037,D
167895,2.3036,D
167895,2.3036,D
167895,2.3036,D
167895,2.3036,D
167895,2.3036,D
167895,2.3036,D
167895,2.3036,D
167895,2.3036,D
167895,2.3036,D
167895,2.3036,D
168411,2.3036,D
168411,2.3036,D
168411,2.3036,D
168411,2.3036,D
168411,2.3036,D
168411,2.3036,D
168411,2.3036,D
168411,2.3036,D
168411,2.3036,D
168411,2.3036,D
168411,2.3036,D
168411,2.3036,D
168912,2.3036,D
168912,2.3036,D
168912,2.3036,D
168912,2.3036,D
168912,2.3036,D
168912,2.3036,D
168912,2.3036,D
168912,2.3036,D
168912,2.3036,D
168912,2.3035,D
168912,2.3035,D
169417,2.3035,D
169417,2.3035,D
169417,2.3035,D
169417,2.3035,D
169417,2.3035,D
169417,2.3035,D
169417,2.3035,D
169417,2.3035,D
169417,2.3035,D
169418,2.3035,D
169418,2.3035,D
169418,2.3035,D
169932,2.3035,D
169932,2.3035,D
169932,2.3035,D
169932,2.3035,D
169932,2.3035,D
169932,2.3035,D
169932,2.3034,D
169932,2.3034,D
169932,2.3034,D
169932,2.3034,D
169932,2.3034,D
169932,2.3034,D
170446,2.3034,D
170446,2.3034,D
170446,2.3034,D
170446,2.3034,D
170446,2.3034,D
170446,2.3034,D
170446,2.3034,D
170446,2.3034,D
170446,2.3034,D
170446,2.3034,D
170446,2.3034,D
170961,2.3034,D
170961,2.3034,D
170961,2.3034,D
170961,2.3034,D
170961,2.3033,D
170961,2.3033,D
170961,2.3033,D
170961,2.3033,D
170961,2.3033,D
170961,2.3033,D
170961,2.3033,D
170961,2.3033,D
171464,2.3033,D
171464,2.3033,D
171464,2.3033,D
171464,2.3033,D
171464,2.3033,D
171464,2.3033,D
171464,2.3033,D
171465,2.3033,D
171465,2.3033,D
171465,2.3033,D
171465,2.3033,D
171465,2.3033,D
171965,2.3033,D
171965,2.3033,D
171965,2.3033,D
171965,2.3033,D
171965,2.3033,D
171965,2.3033,D
171966,2.3033,D
171966,2.3033,D
171966,2.3033,D
171966,2.3033,D
171966,2.3033,D
172480,2.3033,D
172480,2.3033,D
172480,2.3436,D
172480,2.3474,D
172480,2.3481,D
172480,2.3481,D
172480,2.3479,D
172480,2.3477,D
172480,2.3473,D
172480,2.3470,D
172480,2.3468,D
172480,2.3466,D
172994,2.3464,D
172994,2.3462,D
172994,2.3461,D
172994,2.3459,D
172994,2.3458,D
172994,2.3457,D
172994,2.3456,D
172994,2.3455,D
172994,2.3454,D
172994,2.3453,D
172994,2.3450,D
173507,2.3449,D
173507,2.3448,D
173507,2.3448,D
173507,2.3448,D
173507,2.3448,D
173507,2.3449,D
173507,2.3449,D
173507,2.3449,D
173507,2.3449,D
173507,2.3449,D
173507,2.3449,D
173507,2.3449,D
174008,2.3449,D
174008,2.3449,D
174008,2.3449,D
174008,2.3449,D
174008,2.3449,D
174008,2.3449,D
174008,2.3449,D
174008,2.3449,D
174008,2.3449,D
174008,2.3449,D
174008,2.3449,D
174008,2.3448,D
174509,2.3448,D
174509,2.3448,D
174509,2.3448,D
174509,2.3448,D
174509,2.3448,D
174509,2.3448,D
174509,2.3448,D
174509,2.3448,D
174509,2.3448,D
174509,2.3448,D
174509,2.3448,D
175010,2.3448,D
175010,2.3448,D
175010,2.3448,D
175010,2.3448,D
175010,2.3448,D
175010,2.3448,D
175010,2.3448,D
175010,2.3447,D
175010,2.3447,D
175010,2.3447,D
175010,2.3447,D
175010,2.3447,D
175511,2.3447,D
175511,2.3447,D
175511,2.3447,D
175511,2.3447,D
175511,2.3447,D
175511,2.3447,D
175511,2.3447,D
175511,2.3447,D
175511,2.3447,D
175511,2.3447,D
175511,2.3447,D
176026,2.3447,D
176026,2.3447,D
176026,2.3447,D
176026,2.3447,D
176026,2.3447,D
176026,2.3447,D
176026,2.3447,D
176026,2.3447,D
176026,2.3447,D
176026,2.3447,D
176026,2.3447,D
176026,2.3446,D
176539,2.3446,D
176539,2.3446,D
176539,2.3446,D
176539,2.3446,D
176539,2.3446,D
176539,2.3446,D
176539,2.3446,D
176539,2.3446,D
176539,2.3446,D
176539,2.3446,D
176539,2.3446,D
176539,2.3446,D
177043,2.3446,D
177043,2.3446,D
177043,2.3446,D
177043,2.3446,D
177043,2.3446,D
177043,2.3446,D
177043,2.3446,D
177043,2.3446,D
177043,2.3445,D
177043,2.3445,D
177043,2.3445,D
177544,2.3445,D
177544,2.3445,D
177544,2.3445,D
177544,2.3445,D
177544,2.3445,D
177544,2.3445,D
177544,2.3445,D
177544,2.3445,D
177544,2.3445,D
177544,2.3445,D
177544,2.3445,D
177544,2.3445,D
178045,2.3445,D
178045,2.3445,D
178045,2.3445,D
178045,2.3445,D
178045,2.3444,D
178045,2.3444,D
178045,2.3444,D
178045,2.3444,D
178045,2.3444,D
178045,2.3444,D
178045,2.3444,D
178546,2.3444,D
178546,2.3444,D
178546,2.3444,D
178546,2.3444,D
178546,2.3444,D
178546,2.3710,D
178546,2.3880,D
178546,2.3889,D
178546,2.3890,D
178546,2.3889,D
178546,2.3887,D
178546,2.3884,D
179048,2.3881,D
179048,2.3879,D
179048,2.3877,D
179048,2.3875,D
179048,2.3873,D
179048,2.3871,D
179048,2.3870,D
179048,2.3868,D
179048,2.3867,D
179048,2.3866,D
179048,2.3865,D
179561,2.3865,D
179561,2.3864,D
179561,2.3861,D
179561,2.3861,D
179561,2.3861,D
179561,2.3860,D
179561,2.3860,D
179561,2.3860,D
179561,2.3859,D
179561,2.3859,D
179561,2.3859,D
179561,2.3859,D
180075,2.3859,D
180075,2.3859,D
180075,2.3859,D
180075,2.3859,D
180075,2.3859,D
180075,2.3859,D
180075,2.3859,D
180075,2.3859,D
180075,2.3859,D
180075,2.3859,D
180075,2.3859,D
180075,2.3859,D
